name, currStatus, capital, 证券机构, 会计事务所, 律师事务所, 资产评估机构
苏州纳微科技股份有限公司, 2, 3.65, 中信证券股份有限公司, 容诚会计师事务所（特殊普通合伙）, 北京市中伦律师事务所, 厦门市大学资产评估土地房地产估价有限责任公司
青岛中加特电气股份有限公司, 8, 25.021, 招商证券股份有限公司, 天健会计师事务所（特殊普通合伙）, 北京市中伦律师事务所, 中和资产评估有限公司
浙江齐治科技股份有限公司, 2, 4.05, 招商证券股份有限公司, 立信会计师事务所（特殊普通合伙）, 浙江天册律师事务所, 银信资产评估有限公司
杭州品茗安控信息技术股份有限公司, 4, 5.91, 长江证券承销保荐有限公司, 天职国际会计师事务所（特殊普通合伙）, 国浩律师（北京）事务所, 中瑞世联资产评估集团有限公司
西安康拓医疗技术股份有限公司, 2, 5.2348, 华泰联合证券有限责任公司, 中审众环会计师事务所（特殊普通合伙）, 国浩律师（西安）事务所, 中和资产评估有限公司
北京信安世纪科技股份有限公司, 2, 6.8822, 西部证券股份有限公司, 容诚会计师事务所（特殊普通合伙）, 北京市通商律师事务所, 北京北方亚事资产评估事务所（特殊普通合伙）, 中水致远资产评估有限公司
山西锦波生物医药股份有限公司, 2, 9.0316, 华金证券股份有限公司, 天健会计师事务所（特殊普通合伙）, 北京市金杜律师事务所, 北京天圆开资产评估有限公司
福立旺精密机电（中国）股份有限公司, 5, 5.5, 东吴证券股份有限公司, 中汇会计师事务所（特殊普通合伙）, 国浩律师（苏州）事务所, 银信资产评估有限公司
深圳市三旺通信股份有限公司, 5, 4.491, 中信建投证券股份有限公司, 天职国际会计师事务所（特殊普通合伙）, 北京德恒律师事务所, 沃克森（北京）国际资产评估有限公司
上海派能能源科技股份有限公司, 5, 20, 中信建投证券股份有限公司, 天健会计师事务所（特殊普通合伙）, 上海市锦天城律师事务所, 万隆（上海）资产评估有限公司, 上海东洲资产评估有限公司
苏州伟创电气科技股份有限公司IPO, 5, 3.631, 国泰君安证券股份有限公司, 大信会计师事务所（特殊普通合伙）, 北京市康达律师事务所, 国众联资产评估土地房地产估价有限公司
四川汇宇制药股份有限公司, 1, 19.0732, 中信建投证券股份有限公司, 天健会计师事务所（特殊普通合伙）, 上海东方华银律师事务所, 开元资产评估有限公司
中国铁建重工集团股份有限公司, 2, 77.87, 中国国际金融股份有限公司, 德勤华永会计师事务所（特殊普通合伙）, 北京市君合律师事务所, 中水致远资产评估有限公司
苏州康代智能科技股份有限公司, 2, 2.7, 国泰君安证券股份有限公司, 毕马威华振会计师事务所（特殊普通合伙）, 上海市锦天城律师事务所, 江苏中企华中天资产评估有限公司
杭州凯尔达机器人科技股份有限公司, 1, 3.1703, 申万宏源证券承销保荐有限责任公司, 天健会计师事务所（特殊普通合伙）, 北京市中伦律师事务所, 北京中同华资产评估有限公司, 上海申威资产评估有限公司
西安凯立新材料股份有限公司, 3, 6.5, 中信建投证券股份有限公司, 信永中和会计师事务所（特殊普通合伙）, 国浩律师（西安）事务所, 北京国友大正资产评估有限公司
江苏迈信林航空科技股份有限公司, 2, 3.555, 海通证券股份有限公司, 立信会计师事务所（特殊普通合伙）, 上海市锦天城律师事务所, 银信资产评估有限公司
成都圣诺生物科技股份有限公司, 2, 3.49, 民生证券股份有限公司, 天健会计师事务所（特殊普通合伙）, 北京海润天睿律师事务所, 中和资产评估有限公司
云知声智能科技股份有限公司, 2, 9.1163, 中国国际金融股份有限公司, 立信会计师事务所（特殊普通合伙）, 北京国枫律师事务所, 上海立信资产评估有限公司
森泰英格（成都）数控刀具股份有限公司, 2, 3.2, 东莞证券股份有限公司, 大信会计师事务所（特殊普通合伙）, 北京市盈科律师事务所, 北京国融兴华资产评估有限责任公司
江西悦安新材料股份有限公司, 2, 2.7797, 东兴证券股份有限公司, 大华会计师事务所（特殊普通合伙）, 上海市锦天城律师事务所
宁波天益医疗器械股份有限公司, 5, 5.1, 国泰君安证券股份有限公司, 立信会计师事务所（特殊普通合伙）, 上海市锦天城律师事务所, 银信资产评估有限公司
紫泉能源技术股份有限公司, 2, 3.881, 安信证券股份有限公司, 中天运会计师事务所（特殊普通合伙）, 江苏泰和律师事务所, 北京中天和资产评估有限公司
浙江卓锦环保科技股份有限公司, 2, 3.2, 海通证券股份有限公司, 天健会计师事务所（特殊普通合伙）, 浙江天册律师事务所, 坤元资产评估有限公司
江苏联测机电科技股份有限公司, 2, 5.8204, 长江证券承销保荐有限公司, 江苏公证天业会计师事务所（特殊普通合伙）, 上海市通力律师事务所, 江苏中企华中天资产评估有限公司
上海奥普生物医药股份有限公司, 2, 2.6253, 华泰联合证券有限责任公司, 立信会计师事务所（特殊普通合伙）, 北京市竞天公诚律师事务所, 上海财瑞资产评估有限公司
苏州华之杰电讯股份有限公司, 2, 4.8609, 国泰君安证券股份有限公司, 江苏公证天业会计师事务所（特殊普通合伙）, 北京市天元律师事务所, 江苏中企华中天资产评估有限公司
深圳市核达中远通电源技术股份有限公司, 2, 2.2974, 长江证券承销保荐有限公司, 立信会计师事务所（特殊普通合伙）, 北京市金杜律师事务所, 北京中企华资产评估有限责任公司
唐山百川智能机器股份有限公司, 2, 14.49, 中信证券股份有限公司, 致同会计师事务所（特殊普通合伙）, 北京市中伦律师事务所, 中水致远资产评估有限公司
南京茂莱光学科技股份有限公司科创板IPO, 2, 3.0001, 中国国际金融股份有限公司, 中天运会计师事务所（特殊普通合伙）, 上海市锦天城律师事务所, 北京天健兴业资产评估有限公司
美埃（中国）环境科技股份有限公司, 2, 7.1354, 长江证券承销保荐有限公司, 安永华明会计师事务所（特殊普通合伙）, 上海市锦天城律师事务所, 上海东洲资产评估有限公司
上海康鹏科技股份有限公司, 7, 7, 华泰联合证券有限责任公司, 毕马威华振会计师事务所（特殊普通合伙）, 上海市锦天城律师事务所, 北京中同华资产评估有限公司
江苏微导纳米科技股份有限公司, 2, 5, 中信证券股份有限公司, 天职国际会计师事务所（特殊普通合伙）, 北京德恒律师事务所, 沃克森（北京）国际资产评估有限公司
广州市溢信科技股份有限公司, 8, 4.4691, 招商证券股份有限公司, 天健会计师事务所（特殊普通合伙）, 北京市中伦律师事务所, 广东联信资产评估土地房地产估价有限公司
兰剑智能科技股份有限公司, 5, 3.8186, 中泰证券股份有限公司, 致同会计师事务所（特殊普通合伙）, 上海市锦天城律师事务所, 北京天健兴业资产评估有限公司
河南翔宇医疗设备股份有限公司, 3, 7.08, 海通证券股份有限公司, 立信会计师事务所（特殊普通合伙）, 上海市通力律师事务所, 银信资产评估有限公司
上海泽生科技开发股份有限公司, 2, 15, 华金证券股份有限公司, 中天运会计师事务所（特殊普通合伙）, 北京市中伦律师事务所, 上海众华资产评估有限公司
东芯半导体股份有限公司, 2, 7.5, 海通证券股份有限公司, 立信会计师事务所（特殊普通合伙）, 北京德恒律师事务所, 中水致远资产评估有限公司
杭州美迪凯光电科技股份有限公司, 3, 7.6427, 中信证券股份有限公司, 天健会计师事务所（特殊普通合伙）, 国浩律师（上海）事务所, 坤元资产评估有限公司
深圳市创鑫激光股份有限公司, 5, 7.6363, 海通证券股份有限公司, 立信会计师事务所（特殊普通合伙）, 北京市中伦律师事务所, 广东中广信资产评估有限公司
上海唯赛勃环保科技股份有限公司, 2, 5.5303, 国泰君安证券股份有限公司, 致同会计师事务所（特殊普通合伙）, 国浩律师（上海）事务所, 银信资产评估有限公司
广东利元亨智能装备股份有限公司, 2, 7.9513, 民生证券股份有限公司, 安永华明会计师事务所（特殊普通合伙）, 北京国枫律师事务所, 广东联信资产评估土地房地产估价有限公司
蚂蚁科技集团股份有限公司, 5, 480, 中国国际金融股份有限公司, 中信建投证券股份有限公司, 安永华明会计师事务所（特殊普通合伙）, 上海市方达律师事务所, 坤元资产评估有限公司
海南金盘智能科技股份有限公司, 3, 5.4099, 浙商证券股份有限公司, 中汇会计师事务所（特殊普通合伙）, 北京市金杜律师事务所, 银信资产评估有限公司
苏州晶云药物科技股份有限公司, 2, 6, 华泰联合证券有限责任公司, 立信会计师事务所（特殊普通合伙）, 北京市天元律师事务所, 上海立信资产评估有限公司
广州中望龙腾软件股份有限公司, 3, 6.0058, 华泰联合证券有限责任公司, 致同会计师事务所（特殊普通合伙）, 北京市中伦律师事务所, 广东中广信资产评估有限公司
杭州奥泰生物技术股份有限公司, 3, 3.9838, 申万宏源证券承销保荐有限责任公司, 致同会计师事务所（特殊普通合伙）, 北京市通商律师事务所, 天源资产评估有限公司
杭州西力智能科技股份有限公司, 3, 3.9719, 国金证券股份有限公司, 天健会计师事务所（特殊普通合伙）, 国浩律师（上海）事务所, 坤元资产评估有限公司
盛美半导体设备（上海）股份有限公司, 3, 18, 海通证券股份有限公司, 立信会计师事务所（特殊普通合伙）, 北京市金杜律师事务所, 中联资产评估集团有限公司
河南秋乐种业科技股份有限公司, 8, 4.0779, 第一创业证券承销保荐有限责任公司, 大信会计师事务所（特殊普通合伙）, 上海市锦天城律师事务所, 北京亚太联华资产评估有限公司
深圳市迅捷兴科技股份有限公司, 2, 4.5, 民生证券股份有限公司, 天职国际会计师事务所（特殊普通合伙）, 广东信达律师事务所, 沃克森（北京）国际资产评估有限公司
生益电子股份有限公司, 3, 39.609, 东莞证券股份有限公司, 福建华兴会计师事务所（特殊普通合伙）, 北京市康达律师事务所, 广东联信资产评估土地房地产估价有限公司
株洲华锐精密工具股份有限公司, 3, 5.9986, 招商证券股份有限公司, 天职国际会计师事务所（特殊普通合伙）, 湖南启元律师事务所, 开元资产评估有限公司
安徽壹石通材料科技股份有限公司首次公开发行股票并在科创板上市, 3, 3.6259, 中国国际金融股份有限公司, 天职国际会计师事务所（特殊普通合伙）, 北京德恒律师事务所, 沃克森（北京）国际资产评估有限公司
京东数字科技控股股份有限公司, 2, 200, 国泰君安证券股份有限公司, 五矿证券有限公司, 德勤华永会计师事务所（特殊普通合伙）, 上海市通力律师事务所, 中联资产评估集团有限公司
北京天科合达半导体股份有限公司, 8, 5, 国开证券股份有限公司, 立信会计师事务所（特殊普通合伙）, 国浩律师（杭州）事务所, 北京华亚正信资产评估有限公司, 北京中天衡平国际资产评估有限公司
罗普特科技集团股份有限公司, 3, 6.7384, 国金证券股份有限公司, 容诚会计师事务所（特殊普通合伙）, 北京国枫律师事务所, 中水致远资产评估有限公司
上海步科自动化股份有限公司, 5, 2.7086, 海通证券股份有限公司, 天健会计师事务所（特殊普通合伙）, 国浩律师（深圳）事务所, 广东中广信资产评估有限公司
浙江中控技术股份有限公司, 5, 16.0661, 申万宏源证券承销保荐有限责任公司, 天健会计师事务所（特殊普通合伙）, 北京市金杜律师事务所, 坤元资产评估有限公司
江西金达莱环保股份有限公司, 5, 10.0876, 申港证券股份有限公司, 中审众环会计师事务所（特殊普通合伙）, 北京国枫律师事务所, 中铭国际资产评估（北京）有限责任公司
武汉中科通达高新技术股份有限公司, 2, 3.8, 海通证券股份有限公司, 立信会计师事务所（特殊普通合伙）, 湖南金州律师事务所, 湖北众联资产评估有限公司
广东利扬芯片测试股份有限公司, 5, 5.6285, 东莞证券股份有限公司, 天健会计师事务所（特殊普通合伙）, 北京德恒律师事务所, 坤元资产评估有限公司
上海谊众药业股份有限公司, 2, 10.3328, 国金证券股份有限公司, 容诚会计师事务所（特殊普通合伙）, 上海市锦天城律师事务所, 江苏华信资产评估有限公司
青岛海泰新光科技股份有限公司, 3, 8.6237, 国泰君安证券股份有限公司, 安永华明会计师事务所（特殊普通合伙）, 北京观韬中茂律师事务所, 北京中同华资产评估有限公司
湖南长远锂科股份有限公司, 3, 27.179, 中信证券股份有限公司, 五矿证券有限公司, 天职国际会计师事务所（特殊普通合伙）, 北京市嘉源律师事务所, 北京中企华资产评估有限责任公司
山东威高骨科材料股份有限公司, 2, 18.8067, 华泰联合证券有限责任公司, 大华会计师事务所（特殊普通合伙）, 北京市中伦律师事务所, 山东正源和信资产评估有限公司
苏州明志科技股份有限公司, 2, 5.0759, 东吴证券股份有限公司, 江苏公证天业会计师事务所（特殊普通合伙）, 远闻(上海)律师事务所, 江苏中企华中天资产评估有限公司
上海仁会生物制药股份有限公司, 4, 30.0522, 国泰君安证券股份有限公司, 天健会计师事务所（特殊普通合伙）, 国浩律师（上海）事务所, 坤元资产评估有限公司
上海华依科技集团股份有限公司, 2, 3.9169, 中信证券股份有限公司, 上会会计师事务所（特殊普通合伙）, 上海泽昌律师事务所, 万隆（上海）资产评估有限公司
无锡市尚沃医疗电子股份有限公司, 3, 3.2762, 中信证券股份有限公司, 中天运会计师事务所（特殊普通合伙）, 北京德恒律师事务所, 江苏金证通资产评估房地产估价有限公司
长威信息科技发展股份有限公司, 2, 2.8088, 五矿证券有限公司, 众华会计师事务所（特殊普通合伙）, 福建天衡联合律师事务所, 福建中兴资产评估房地产土地估价有限责任公司
大连豪森设备制造股份有限公司, 5, 8, 海通证券股份有限公司, 立信会计师事务所（特殊普通合伙）, 上海市锦天城律师事务所, 辽宁众华资产评估有限公司
深圳市万佳安物联科技股份有限公司, 8, 7.6073, 东莞证券股份有限公司, 江苏公证天业会计师事务所（特殊普通合伙）, 北京市康达律师事务所, 国众联资产评估土地房地产估价有限公司
锐芯微电子股份有限公司, 7, 13.4653, 中信建投证券股份有限公司, 立信会计师事务所（特殊普通合伙）, 上海市锦天城律师事务所, 北京国融兴华资产评估有限责任公司
北京盛诺基医药科技股份有限公司, 7, 20.2377, 华西证券股份有限公司, 安永华明会计师事务所（特殊普通合伙）, 北京市君合律师事务所, 国众联资产评估土地房地产估价有限公司
泰州亿腾景昂药业股份有限公司, 7, 13.1565, 国泰君安证券股份有限公司, 立信会计师事务所（特殊普通合伙）, 北京市君合律师事务所, 上海立信资产评估有限公司
精进电动科技股份有限公司, 7, 20, 华泰联合证券有限责任公司, 立信会计师事务所（特殊普通合伙）, 北京市竞天公诚律师事务所, 银信资产评估有限公司
北京芯愿景软件技术股份有限公司, 7, 4.6533, 民生证券股份有限公司, 天职国际会计师事务所（特殊普通合伙）, 北京国枫律师事务所, 沃克森（北京）国际资产评估有限公司
北京华卓精科科技股份有限公司, 7, 10.35, 东兴证券股份有限公司, 大华会计师事务所（特殊普通合伙）, 北京市邦盛律师事务所, 北京中和谊资产评估有限公司
国网智能科技股份有限公司, 8, 10.3417, 中信证券股份有限公司, 致同会计师事务所（特殊普通合伙）, 北京市金杜律师事务所, 北京中天和资产评估有限公司
广东奥普特科技股份有限公司, 4, 14.2281, 国信证券股份有限公司, 天职国际会计师事务所（特殊普通合伙）, 北京国枫律师事务所, 沃克森（北京）国际资产评估有限公司
上海之江生物科技股份有限公司, 4, 13.5589, 海通证券股份有限公司, 中汇会计师事务所（特殊普通合伙）, 上海市锦天城律师事务所, 北京中企华资产评估有限责任公司
深圳惠泰医疗器械股份有限公司, 4, 8.4048, 中信证券股份有限公司, 立信会计师事务所（特殊普通合伙）, 北京市嘉源律师事务所, 上海立信资产评估有限公司
天士力生物医药股份有限公司, 2, 24.2566, 中信证券股份有限公司, 天健会计师事务所（特殊普通合伙）, 北京市竞天公诚律师事务所, 银信资产评估有限公司
吉利汽车控股有限公司, 3, 200, 中国国际金融股份有限公司, 华泰联合证券有限责任公司, 致同会计师事务所（特殊普通合伙）, 北京市金杜律师事务所
云南北方奥雷德光电科技股份有限公司, 2, 5.05, 国泰君安证券股份有限公司, 信永中和会计师事务所（特殊普通合伙）, 北京市嘉源律师事务所, 北京中企华资产评估有限责任公司
会通新材料股份有限公司, 5, 17, 中信证券股份有限公司, 天健会计师事务所（特殊普通合伙）, 北京市中伦律师事务所, 坤元资产评估有限公司
上海博科资讯股份有限公司, 8, 6.3674, 申万宏源证券承销保荐有限责任公司, 毕马威华振会计师事务所（特殊普通合伙）, 上海市通力律师事务所, 上海申威资产评估有限公司, 上海众华资产评估有限公司
前沿生物药业（南京）股份有限公司, 5, 20.0085, 瑞银证券有限责任公司, 毕马威华振会计师事务所（特殊普通合伙）, 国浩律师（南京）事务所
江苏浩欧博生物医药股份有限公司, 4, 6.0882, 华泰联合证券有限责任公司, 立信会计师事务所（特殊普通合伙）, 国浩律师（上海）事务所, 北京国融兴华资产评估有限责任公司
四方光电股份有限公司, 4, 5.7, 海通证券股份有限公司, 天职国际会计师事务所（特殊普通合伙）, 国浩律师（杭州）事务所, 沃克森（北京）国际资产评估有限公司
深圳市亚辉龙生物科技股份有限公司, 4, 7.3311, 中信证券股份有限公司, 大华会计师事务所（特殊普通合伙）, 北京市君合律师事务所, 中水致远资产评估有限公司
九号有限公司, 5, 20.7708, 国泰君安证券股份有限公司, 德勤华永会计师事务所（特殊普通合伙）, 北京市中伦律师事务所
山东泰丰智能控制股份有限公司, 8, 3.36, 长城国瑞证券有限公司, 大信会计师事务所（特殊普通合伙）, 北京市康达律师事务所, 坤元资产评估有限公司
正元地理信息集团股份有限公司, 2, 5.9854, 中银国际证券股份有限公司, 天健会计师事务所（特殊普通合伙）, 北京海润天睿律师事务所, 中京民信(北京)资产评估有限公司
上海泰坦科技股份有限公司, 5, 5.35, 中信证券股份有限公司, 大信会计师事务所（特殊普通合伙）, 北京德恒律师事务所, 北京卓信大华资产评估有限公司
深圳市科思科技股份有限公司, 5, 13.0682, 中天国富证券有限公司, 立信会计师事务所（特殊普通合伙）, 江苏世纪同仁律师事务所, 中水致远资产评估有限公司
传神语联网网络科技股份有限公司, 8, 3.6338, 申港证券股份有限公司, 北京中证天通会计师事务所（特殊普通合伙）, 北京市万商天勤律师事务所, 北京国融兴华资产评估有限责任公司
上海合晶硅材料股份有限公司, 2, 10, 中国国际金融股份有限公司, 立信会计师事务所（特殊普通合伙）, 北京市金杜律师事务所, 北京北方亚事资产评估事务所（特殊普通合伙）
上海宏力达信息技术股份有限公司, 5, 12, 华泰联合证券有限责任公司, 大信会计师事务所（特殊普通合伙）, 国浩律师（上海）事务所, 万隆(上海)资产评估有限公司
上海阿拉丁生化科技股份有限公司, 5, 4.3343, 西部证券股份有限公司, 大华会计师事务所（特殊普通合伙）, 上海市锦天城律师事务所, 北京华亚正信资产评估有限公司, 银信资产评估有限公司
东来涂料技术（上海）股份有限公司, 5, 4.3125, 东方证券承销保荐有限公司, 立信会计师事务所（特殊普通合伙）, 北京市大成律师事务所, 银信资产评估有限公司
广东德冠薄膜新材料股份有限公司, 2, 3.8698, 招商证券股份有限公司, 华兴会计师事务所（特殊普通合伙）, 北京市通商律师事务所, 广东联信资产评估土地房地产估价有限公司
天臣国际医疗科技股份有限公司, 5, 3.5983, 安信证券股份有限公司, 中天运会计师事务所（特殊普通合伙）, 国浩律师（上海）事务所, 北京中天和资产评估有限公司
江苏泛亚微透科技股份有限公司, 5, 3, 东方证券承销保荐有限公司, 天健会计师事务所（特殊普通合伙）, 广东信达律师事务所, 坤元资产评估有限公司, 江苏中企华中天资产评估有限公司
苏州世华新材料科技股份有限公司, 5, 8.0365, 华泰联合证券有限责任公司, 江苏公证天业会计师事务所（特殊普通合伙）, 北京国枫律师事务所, 江苏中企华中天资产评估有限公司
上纬新材料科技股份有限公司, 5, 2.155, 申万宏源证券承销保荐有限责任公司, 毕马威华振会计师事务所（特殊普通合伙）, 国浩律师（上海）事务所, 万隆(上海)资产评估有限公司
精英数智科技股份有限公司, 8, 3.3731, 中德证券有限责任公司, 致同会计师事务所（特殊普通合伙）, 北京国枫律师事务所, 中水致远资产评估有限公司
桂林智神信息技术股份有限公司, 8, 7.7169, 安信证券股份有限公司, 天健会计师事务所（特殊普通合伙）, 广东华商律师事务所, 中联国际评估咨询有限公司
慧翰微电子股份有限公司, 4, 5.31, 兴业证券股份有限公司, 容诚会计师事务所（特殊普通合伙）, 上海市瑛明律师事务所
路德环境科技股份有限公司, 5, 3.5, 安信证券股份有限公司, 大信会计师事务所（特殊普通合伙）, 北京德恒律师事务所, 中京民信(北京)资产评估有限公司
武汉科前生物股份有限公司, 5, 17.4703, 招商证券股份有限公司, 致同会计师事务所（特殊普通合伙）, 北京市嘉源律师事务所, 中京民信(北京)资产评估有限公司
浙江蓝特光学股份有限公司, 5, 7.0733, 华泰联合证券有限责任公司, 天健会计师事务所（特殊普通合伙）, 北京国枫律师事务所, 坤元资产评估有限公司
芯海科技（深圳）股份有限公司, 5, 5.4515, 中信证券股份有限公司, 天健会计师事务所（特殊普通合伙）, 广东华商律师事务所
赛赫智能设备（上海）股份有限公司, 8, 3.5192, 国元证券股份有限公司, 容诚会计师事务所（特殊普通合伙）, 北京市君合律师事务所, 上海众华资产评估有限公司
上海奕瑞光电子科技股份有限公司, 5, 7.7, 海通证券股份有限公司, 立信会计师事务所（特殊普通合伙）, 上海市方达律师事务所, 银信资产评估有限公司
思瑞浦微电子科技（苏州）股份有限公司, 5, 8.5, 海通证券股份有限公司, 普华永道中天会计师事务所（特殊普通合伙）, 国浩律师（上海）事务所, 银信资产评估有限公司
福建福昕软件开发股份有限公司, 5, 4.0736, 兴业证券股份有限公司, 福建华兴会计师事务所（特殊普通合伙）, 北京市竞天公诚律师事务所, 北京中企华资产评估有限责任公司
合肥科威尔电源系统股份有限公司, 5, 2.76, 国元证券股份有限公司, 容诚会计师事务所（特殊普通合伙）, 安徽天禾律师事务所, 中水致远资产评估有限公司
慧捷（上海）科技股份有限公司, 8, 3.0444, 安信证券股份有限公司, 容诚会计师事务所（特殊普通合伙）, 北京德恒律师事务所, 万隆(上海)资产评估有限公司
西安瑞联新材料股份有限公司, 5, 10.5152, 海通证券股份有限公司, 立信会计师事务所（特殊普通合伙）, 上海市瑛明律师事务所, 中和资产评估有限公司
吉林奥来德光电材料股份有限公司, 5, 6.773, 申万宏源证券承销保荐有限责任公司, 立信会计师事务所（特殊普通合伙）, 北京德恒律师事务所, 北京经纬仁达资产评估有限公司
浙江海德曼智能装备股份有限公司, 5, 3.2113, 民生证券股份有限公司, 天健会计师事务所（特殊普通合伙）, 浙江天册律师事务所, 坤元资产评估有限公司
江苏固德威电源科技股份有限公司, 5, 6.9325, 东兴证券股份有限公司, 天衡会计师事务所（特殊普通合伙）, 安徽承义律师事务所, 北京天健兴业资产评估有限公司
北京莱伯泰科仪器股份有限公司, 5, 3.6, 招商证券股份有限公司, 信永中和会计师事务所（特殊普通合伙）, 北京市竞天公诚律师事务所, 北京中天华资产评估有限责任公司
深圳市海目星激光智能装备股份有限公司首次公开发行股票并在科创板上市, 5, 8, 中信证券股份有限公司, 天健会计师事务所（特殊普通合伙）, 北京市金杜律师事务所, 中瑞世联资产评估（北京）有限公司
苏州绿的谐波传动科技股份有限公司, 5, 5.4645, 国泰君安证券股份有限公司, 天衡会计师事务所（特殊普通合伙）, 北京市君合律师事务所, 北京天健兴业资产评估有限公司
圣湘生物科技股份有限公司, 5, 5.5658, 西部证券股份有限公司, 中审众环会计师事务所（特殊普通合伙）, 湖南启元律师事务所, 北京亚超资产评估有限公司
成都苑东生物制药股份有限公司, 5, 11.61, 中信证券股份有限公司, 中汇会计师事务所（特殊普通合伙）, 北京国枫律师事务所, 天源资产评估有限公司
北京铁科首钢轨道技术股份有限公司, 5, 7.4631, 中信建投证券股份有限公司, 中兴财光华会计师事务所（特殊普通合伙）, 北京海润天睿律师事务所, 中水致远资产评估有限公司
北京键凯科技股份有限公司, 5, 3.2, 中信证券股份有限公司, 普华永道中天会计师事务所（特殊普通合伙）, 北京安杰律师事务所, 北京北方亚事资产评估事务所（特殊普通合伙）
上海正帆科技股份有限公司, 5, 4.4234, 国泰君安证券股份有限公司, 容诚会计师事务所（特殊普通合伙）, 国浩律师（上海）事务所, 银信资产评估有限公司
江苏中信博新能源科技股份有限公司, 5, 6.8138, 安信证券股份有限公司, 立信会计师事务所（特殊普通合伙）, 北京海润天睿律师事务所, 中水致远资产评估有限公司
浙江瑞晟智能科技股份有限公司, 5, 3.9758, 民生证券股份有限公司, 众华会计师事务所（特殊普通合伙）, 上海市嘉华律师事务所, 万邦资产评估有限公司
杭州华光焊接新材料股份有限公司, 5, 3.5552, 中国银河证券股份有限公司, 中汇会计师事务所（特殊普通合伙）, 北京观韬中茂律师事务所, 天源资产评估有限公司
芯原微电子（上海）股份有限公司, 5, 7.9, 招商证券股份有限公司, 德勤华永会计师事务所（特殊普通合伙）, 上海市方达律师事务所, 上海立信资产评估有限公司
郑州信大捷安信息技术股份有限公司首次公开发行股票并在科创板上市, 8, 8.229, 中原证券股份有限公司, 利安达会计师事务所（特殊普通合伙）, 北京市中伦律师事务所, 北京国融兴华资产评估有限责任公司
广州安必平医药科技股份有限公司, 5, 3.7387, 民生证券股份有限公司, 中汇会计师事务所（特殊普通合伙）, 广东信达律师事务所
上海复洁环保科技股份有限公司, 5, 5.0022, 海通证券股份有限公司, 天健会计师事务所（特殊普通合伙）, 北京市大成律师事务所, 坤元资产评估有限公司
昆山龙腾光电股份有限公司, 5, 15, 东吴证券股份有限公司, 大信会计师事务所（特殊普通合伙）, 北京德恒律师事务所, 上海申威资产评估有限公司
北京博睿宏远数据科技股份有限公司, 5, 4.1335, 兴业证券股份有限公司, 立信会计师事务所（特殊普通合伙）, 北京市康达律师事务所, 北京中天华资产评估有限责任公司
苏州敏芯微电子技术股份有限公司, 5, 7.0673, 国泰君安证券股份有限公司, 天健会计师事务所（特殊普通合伙）, 浙江天册律师事务所, 坤元资产评估有限公司
北京亿华通科技股份有限公司, 5, 12, 国泰君安证券股份有限公司, 信永中和会计师事务所（特殊普通合伙）, 北京德恒律师事务所, 银信资产评估有限公司
上海先惠自动化技术股份有限公司, 5, 3.994, 东兴证券股份有限公司, 上会会计师事务所（特殊普通合伙）, 上海市广发律师事务所, 上海申威资产评估有限公司, 上海众华资产评估有限公司
上海凯赛生物技术股份有限公司, 5, 46.9891, 中信证券股份有限公司, 天健会计师事务所（特殊普通合伙）, 上海市锦天城律师事务所, 上海立信资产评估有限公司
康希诺生物股份公司, 5, 10, 中信证券股份有限公司, 普华永道中天会计师事务所（特殊普通合伙）, 北京市天元律师事务所, 坤元资产评估有限公司
南亚新材料科技股份有限公司, 5, 9.2, 光大证券股份有限公司, 天健会计师事务所（特殊普通合伙）, 国浩律师（上海）事务所, 银信资产评估有限公司, 上海申威资产评估有限公司
河南仕佳光子科技股份有限公司, 5, 5, 华泰联合证券有限责任公司, 致同会计师事务所（特殊普通合伙）, 上海市锦天城律师事务所, 北京北方亚事资产评估事务所（特殊普通合伙）
成都盟升电子技术股份有限公司, 5, 5.0784, 华泰联合证券有限责任公司, 立信会计师事务所（特殊普通合伙）, 北京市天元律师事务所
青岛高测科技股份有限公司, 5, 6, 国信证券股份有限公司, 中兴华会计师事务所（特殊普通合伙）, 北京市中伦律师事务所, 中铭国际资产评估（北京）有限责任公司
北京赛科希德科技股份有限公司, 5, 3.7072, 中国国际金融股份有限公司, 容诚会计师事务所（特殊普通合伙）, 北京市中伦律师事务所, 中水致远资产评估有限公司
天能电池集团股份有限公司, 4, 35.9455, 中信证券股份有限公司, 中汇会计师事务所（特殊普通合伙）, 北京市中伦律师事务所, 万隆(上海)资产评估有限公司
奇安信科技集团股份有限公司, 5, 45, 中信建投证券股份有限公司, 信永中和会计师事务所（特殊普通合伙）, 北京金杜（成都）律师事务所, 中瑞世联资产评估集团有限公司, 北京中同华资产评估有限公司
合肥江航飞机装备股份有限公司, 5, 5.3108, 中信证券股份有限公司, 中航证券有限公司, 中审众环会计师事务所（特殊普通合伙）, 北京市嘉源律师事务所, 北京天健兴业资产评估有限公司
爱博诺德（北京）医疗科技股份有限公司, 5, 8.002, 招商证券股份有限公司, 信永中和会计师事务所（特殊普通合伙）, 北京市中伦律师事务所, 北京中和谊资产评估有限公司
贵州白山云科技股份有限公司, 8, 8.43, 中天国富证券有限公司, 华普天健会计师事务所（特殊普通合伙）, 北京市金杜律师事务所, 北京中锋资产评估有限责任公司
无锡德林海环保科技股份有限公司, 5, 4.5017, 申港证券股份有限公司, 信永中和会计师事务所（特殊普通合伙）, 北京市天元律师事务所, 中威正信（北京）资产评估有限公司
深圳市力合微电子股份有限公司, 5, 3.1787, 兴业证券股份有限公司, 天健会计师事务所（特殊普通合伙）, 北京市中伦律师事务所, 国众联资产评估土地房地产估价有限公司
安徽大地熊新材料股份有限公司, 5, 3.5236, 华泰联合证券有限责任公司, 容诚会计师事务所（特殊普通合伙）, 安徽承义律师事务所, 安徽中联国信资产评估有限责任公司
中芯国际集成电路制造有限公司, 5, 200, 中国国际金融股份有限公司, 海通证券股份有限公司, 普华永道中天会计师事务所（特殊普通合伙）, 上海市锦天城律师事务所
无锡芯朋微电子股份有限公司, 5, 5.6577, 华林证券股份有限公司, 江苏公证天业会计师事务所（特殊普通合伙）, 江苏世纪同仁律师事务所, 江苏中企华中天资产评估有限公司
三生国健药业（上海）股份有限公司, 5, 31.8276, 华泰联合证券有限责任公司, 安永华明会计师事务所（特殊普通合伙）, 北京市中伦律师事务所, 上海东洲资产评估有限公司
南京伟思医疗科技股份有限公司, 5, 4.6686, 长江证券承销保荐有限公司, 天衡会计师事务所（特殊普通合伙）, 江苏世纪同仁律师事务所, 北京天健兴业资产评估有限公司
中科寒武纪科技股份有限公司, 5, 28.0063, 中信证券股份有限公司, 天健会计师事务所（特殊普通合伙）, 北京市中伦律师事务所, 中资资产评估有限公司
江苏艾迪药业股份有限公司, 5, 7.461, 华泰联合证券有限责任公司, 容诚会计师事务所（特殊普通合伙）, 上海澄明则正律师事务所, 厦门市大学资产评估土地房地产估价有限责任公司
北京慧辰资道资讯股份有限公司, 5, 5.3258, 中信证券股份有限公司, 普华永道中天会计师事务所（特殊普通合伙）, 北京市金杜律师事务所, 山东正源和信资产评估有限公司
济南恒誉环保科技股份有限公司首次公开发行股票并在科创板上市项目, 5, 6.3318, 中国民族证券有限责任公司, 天职国际会计师事务所（特殊普通合伙）, 北京德恒律师事务所, 沃克森（北京）国际资产评估有限公司
深圳震有科技股份有限公司, 5, 5.451, 中信证券股份有限公司, 天健会计师事务所（特殊普通合伙）, 国浩律师（深圳）事务所, 万隆(上海)资产评估有限公司, 北京国友大正资产评估有限公司
埃夫特智能装备股份有限公司, 5, 13, 国信证券股份有限公司, 华普天健会计师事务所（特殊普通合伙）, 北京市竞天公诚律师事务所, 中水致远资产评估有限公司
山大地纬软件股份有限公司, 5, 3.7882, 民生证券股份有限公司, 大华会计师事务所（特殊普通合伙）, 北京市康达律师事务所, 中铭国际资产评估（北京）有限责任公司
中科星图股份有限公司, 5, 7, 中信建投证券股份有限公司, 立信会计师事务所（特殊普通合伙）, 北京市君合律师事务所, 北京北方亚事资产评估事务所（特殊普通合伙）, 中京民信(北京)资产评估有限公司
江苏云涌电子科技股份有限公司, 5, 3.1876, 浙商证券股份有限公司, 中天运会计师事务所（特殊普通合伙）, 国浩律师（南京）事务所, 中联资产评估集团有限公司
微创（上海）网络技术股份有限公司首次公开发行股票并在科创板上市项目, 8, 4.9769, 中国银河证券股份有限公司, 天职国际会计师事务所（特殊普通合伙）, 国浩律师（上海）事务所, 上海财瑞资产评估有限公司
南京迪威尔高端制造股份有限公司, 5, 5.3215, 华泰联合证券有限责任公司, 江苏公证天业会计师事务所（特殊普通合伙）, 国浩律师（南京）事务所, 江苏金证通资产评估房地产估价有限公司
科大国盾量子技术股份有限公司, 5, 3.0363, 国元证券股份有限公司, 华普天健会计师事务所（特殊普通合伙）, 安徽天禾律师事务所, 安徽中联国信资产评估有限责任公司, 北京经纬仁达资产评估有限公司
北京天智航医疗科技股份有限公司, 5, 4.52, 中信建投证券股份有限公司, 上会会计师事务所（特殊普通合伙）, 北京德恒律师事务所
安徽皖仪科技股份有限公司, 5, 2.5559, 光大证券股份有限公司, 容诚会计师事务所（特殊普通合伙）, 安徽天禾律师事务所, 中水致远资产评估有限公司
广东晶科电子股份有限公司, 8, 2.3912, 中原证券股份有限公司, 立信会计师事务所（特殊普通合伙）, 上海市锦天城律师事务所, 国众联资产评估土地房地产估价有限公司
成都秦川物联网科技股份有限公司, 5, 4.0698, 华安证券股份有限公司, 四川华信（集团）会计师事务所（特殊普通合伙）, 北京市金杜律师事务所, 中联资产评估集团有限公司
南通国盛智能科技集团股份有限公司, 5, 7.6, 申港证券股份有限公司, 天健会计师事务所（特殊普通合伙）, 江苏世纪同仁律师事务所, 万隆(上海)资产评估有限公司
深圳宜搜天下科技股份有限公司, 8, 6.3774, 东莞证券股份有限公司, 安永华明会计师事务所（特殊普通合伙）, 北京市环球律师事务所, 银信资产评估有限公司
苏州金宏气体股份有限公司, 5, 9.9778, 招商证券股份有限公司, 容诚会计师事务所（特殊普通合伙）, 江苏益友天元律师事务所, 中水致远资产评估有限公司
泽达易盛（天津）科技股份有限公司, 5, 4.367, 东兴证券股份有限公司, 天健会计师事务所（特殊普通合伙）, 北京市康达律师事务所, 坤元资产评估有限公司
上海君实生物医药科技股份有限公司, 5, 27, 中国国际金融股份有限公司, 容诚会计师事务所（特殊普通合伙）, 北京市嘉源律师事务所, 中水致远资产评估有限公司
孚能科技（赣州）股份有限公司, 5, 34.3683, 华泰联合证券有限责任公司, 安永华明会计师事务所（特殊普通合伙）, 北京市竞天公诚律师事务所, 中联资产评估集团有限公司
威海市天罡仪表股份有限公司, 8, 3.56, 安信证券股份有限公司, 致同会计师事务所（特殊普通合伙）, 上海市锦天城律师事务所, 北京中天华资产评估有限责任公司
北京神州细胞生物技术集团股份公司, 5, 19.8209, 中国国际金融股份有限公司, 普华永道中天会计师事务所（特殊普通合伙）, 北京市金杜律师事务所, 北京北方亚事资产评估事务所（特殊普通合伙）
河南科隆新能源股份有限公司, 8, 6.13, 民生证券股份有限公司, 天健会计师事务所（特殊普通合伙）, 北京市康达律师事务所, 中联资产评估集团有限公司
深圳市联赢激光股份有限公司, 5, 5.809, 中山证券有限责任公司, 天健会计师事务所（特殊普通合伙）, 北京市天元律师事务所, 开元资产评估有限公司
北京市博汇科技股份有限公司首次公开发行股票并在科创板上市项目, 5, 3.6557, 浙商证券股份有限公司, 天职国际会计师事务所（特殊普通合伙）, 北京海润天睿律师事务所, 北京国融兴华资产评估有限责任公司
上海复旦张江生物医药股份有限公司, 5, 6.5, 海通证券股份有限公司, 普华永道中天会计师事务所（特殊普通合伙）, 上海市方达律师事务所, 上海立信资产评估有限公司
深圳市燕麦科技股份有限公司, 5, 5.3821, 华泰联合证券有限责任公司, 天健会计师事务所（特殊普通合伙）, 广东信达律师事务所, 沃克森（北京）国际资产评估有限公司
湖南松井新材料股份有限公司, 5, 4.2218, 德邦证券股份有限公司, 天职国际会计师事务所（特殊普通合伙）, 湖南启元律师事务所, 沃克森（北京）国际资产评估有限公司
天合光能股份有限公司, 5, 30, 华泰联合证券有限责任公司, 华普天健会计师事务所（特殊普通合伙）, 北京市金杜律师事务所, 江苏中企华中天资产评估有限公司
傲基科技股份有限公司, 8, 17.4398, 华泰联合证券有限责任公司, 大华会计师事务所（特殊普通合伙）, 北京市金杜律师事务所, 开元资产评估有限公司
博众精工科技股份有限公司, 5, 11.0288, 华泰联合证券有限责任公司, 立信会计师事务所（特殊普通合伙）, 上海澄明则正律师事务所, 银信资产评估有限公司
浙江德马科技股份有限公司首次公开发行股票并在科创板上市项目, 5, 3.7798, 光大证券股份有限公司, 信永中和会计师事务所（特殊普通合伙）, 国浩律师（杭州）事务所, 万隆(上海)资产评估有限公司
湖南金博碳素股份有限公司, 5, 3.2151, 海通证券股份有限公司, 天职国际会计师事务所（特殊普通合伙）, 湖南启元律师事务所, 沃克森（北京）国际资产评估有限公司
无锡奥特维科技股份有限公司, 5, 7.64, 信达证券股份有限公司, 立信中联会计师事务所（特殊普通合伙）, 国浩律师（上海）事务所, 银信资产评估有限公司
苏州工业园区凌志软件股份有限公司, 5, 2.6525, 天风证券股份有限公司, 众华会计师事务所（特殊普通合伙）, 上海市锦天城律师事务所, 上海立信资产评估有限公司
江苏吉贝尔药业股份有限公司, 5, 6.9, 国金证券股份有限公司, 信永中和会计师事务所（特殊普通合伙）, 北京市金杜律师事务所, 上海众华资产评估有限公司
金科环境股份有限公司, 5, 7.3943, 招商证券股份有限公司, 大信会计师事务所（特殊普通合伙）, 北京市君合律师事务所, 中京民信(北京)资产评估有限公司
杭州光云科技股份有限公司, 5, 3.4895, 中国国际金融股份有限公司, 立信会计师事务所（特殊普通合伙）, 上海市瑛明律师事务所, 天津中联资产评估有限责任公司, 银信资产评估有限公司
深圳市财富趋势科技股份有限公司, 5, 7.7799, 中国银河证券股份有限公司, 中审众环会计师事务所（特殊普通合伙）, 广东信达律师事务所, 湖北众联资产评估有限公司
成都先导药物开发股份有限公司, 5, 6.6003, 中国国际金融股份有限公司, 德勤华永会计师事务所（特殊普通合伙）, 北京市君合律师事务所, 北京中天华资产评估有限责任公司
上海硅产业集团股份有限公司, 5, 25, 海通证券股份有限公司, 普华永道中天会计师事务所（特殊普通合伙）, 北京市金杜律师事务所, 中联资产评估集团有限公司
上海三友医疗器械股份有限公司, 5, 6, 东方花旗证券有限公司, 立信会计师事务所（特殊普通合伙）, 北京市嘉源律师事务所, 上海立信资产评估有限公司
江苏京源环保股份有限公司, 5, 2.7643, 平安证券股份有限公司, 大华会计师事务所（特殊普通合伙）, 北京德恒律师事务所
开普云信息科技股份有限公司, 5, 4.6133, 国金证券股份有限公司, 天健会计师事务所（特殊普通合伙）, 国浩律师（深圳）事务所, 沃克森（北京）国际资产评估有限公司
湖南南新制药股份有限公司, 5, 6.697, 西部证券股份有限公司, 天职国际会计师事务所（特殊普通合伙）, 湖南启元律师事务所, 沃克森（北京）国际资产评估有限公司
罗克佳华科技集团股份有限公司, 5, 5, 光大证券股份有限公司, 天健会计师事务所（特殊普通合伙）, 北京市天元律师事务所, 中瑞世联资产评估（北京）有限公司
广州宏晟光电科技股份有限公司, 8, 5.9977, 兴业证券股份有限公司, 天健会计师事务所（特殊普通合伙）, 北京市天元律师事务所, 万隆(上海)资产评估有限公司
广州禾信仪器股份有限公司, 8, 3.4628, 国信证券股份有限公司, 天职国际会计师事务所（特殊普通合伙）, 国信信扬律师事务所, 沃克森（北京）国际资产评估有限公司
广东紫晶信息存储技术股份有限公司, 5, 12.0962, 中信建投证券股份有限公司, 致同会计师事务所（特殊普通合伙）, 广东恒益律师事务所, 厦门市大学资产评估土地房地产估价有限责任公司
华润微电子有限公司首次公开发行股票并在科创板上市, 5, 30, 中国国际金融股份有限公司, 天职国际会计师事务所（特殊普通合伙）, 北京市环球律师事务所
北京石头世纪科技股份有限公司, 5, 13.0157, 中信证券股份有限公司, 普华永道中天会计师事务所（特殊普通合伙）, 北京市中伦律师事务所, 中铭国际资产评估（北京）有限责任公司
百奥泰生物制药股份有限公司, 5, 20, 中国国际金融股份有限公司, 安永华明会计师事务所（特殊普通合伙）, 北京市君合律师事务所
锦州神工半导体股份有限公司, 5, 11.02, 国泰君安证券股份有限公司, 大信会计师事务所（特殊普通合伙）, 北京市中伦律师事务所
北京华峰测控技术股份有限公司, 5, 10, 中国国际金融股份有限公司, 大信会计师事务所（特殊普通合伙）, 北京德和衡律师事务所, 北京中同华资产评估有限公司
深圳市道通科技股份有限公司, 5, 6.5001, 中信证券股份有限公司, 天健会计师事务所（特殊普通合伙）, 北京市中伦律师事务所, 中联资产评估集团有限公司
深圳市正弦电气股份有限公司, 3, 3.7267, 国泰君安证券股份有限公司, 立信会计师事务所（特殊普通合伙）, 广东信达律师事务所, 深圳道衡美评国际资产评估有限公司
苏州上声电子股份有限公司, 3, 4.4667, 东吴证券股份有限公司, 安永华明会计师事务所（特殊普通合伙）, 上海市通力律师事务所, 江苏中企华中天资产评估有限公司
北京乐普诊断科技股份有限公司, 1, 4.1141, 国泰君安证券股份有限公司, 立信会计师事务所（特殊普通合伙）, 北京市中伦律师事务所, 中通诚资产评估有限公司
创耀（苏州）通信科技股份有限公司, 1, 3.346, 海通证券股份有限公司, 中汇会计师事务所（特殊普通合伙）, 湖南启元律师事务所, 天源资产评估有限公司
上海电气风电集团股份有限公司, 3, 31.0604, 中信证券股份有限公司, 普华永道中天会计师事务所（特殊普通合伙）, 上海市通力律师事务所, 上海申威资产评估有限公司, 上海东洲资产评估有限公司
固安信通信号技术股份有限公司, 2, 4, 安信证券股份有限公司, 天职国际会计师事务所（特殊普通合伙）, 北京德恒律师事务所, 北京国融兴华资产评估有限责任公司
依图科技有限公司, 2, 75.0455, 国泰君安证券股份有限公司, 天健会计师事务所（特殊普通合伙）, 北京市金杜律师事务所
广州创尔生物技术股份有限公司, 2, 4.5629, 中信证券股份有限公司, 立信会计师事务所（特殊普通合伙）, 北京市中伦律师事务所, 中联国际评估咨询有限公司
艾索信息股份有限公司, 2, 4.2432, 民生证券股份有限公司, 中审众环会计师事务所（特殊普通合伙）, 广东信达律师事务所, 正衡房地产资产评估有限公司
贵州航宇科技发展股份有限公司, 2, 7, 国海证券股份有限公司, 大信会计师事务所（特殊普通合伙）, 国浩律师（深圳）事务所, 国众联资产评估土地房地产估价有限公司
青岛达能环保设备股份有限公司, 2, 3.2523, 中泰证券股份有限公司, 容诚会计师事务所（特殊普通合伙）, 北京海润天睿律师事务所, 厦门市大学资产评估土地房地产估价有限责任公司
深圳瑞华泰薄膜科技股份有限公司, 2, 4, 国信证券股份有限公司, 大信会计师事务所（特殊普通合伙）, 北京市中伦律师事务所, 中联资产评估集团有限公司
北京海天瑞声科技股份有限公司, 3, 7.6594, 华泰联合证券有限责任公司, 毕马威华振会计师事务所（特殊普通合伙）, 北京市天元律师事务所, 亚洲(北京)资产评估有限公司
北京中数智汇科技股份有限公司, 3, 3.7697, 国泰君安证券股份有限公司, 致同会计师事务所（特殊普通合伙）, 北京市中伦律师事务所, 中水致远资产评估有限公司
东软医疗系统股份有限公司, 8, 9.6508, 中国国际金融股份有限公司, 立信会计师事务所（特殊普通合伙）, 北京市金杜律师事务所, 北京中天和资产评估有限公司
长沙兴嘉生物工程股份有限公司, 8, 3.2932, 西部证券股份有限公司, 天职国际会计师事务所（特殊普通合伙）, 湖南启元律师事务所, 开元资产评估有限公司
苏州新锐合金工具股份有限公司, 2, 6.5189, 民生证券股份有限公司, 江苏公证天业会计师事务所（特殊普通合伙）, 上海市锦天城律师事务所, 江苏中企华中天资产评估有限公司
邦彦技术股份有限公司, 2, 8.0241, 国信证券股份有限公司, 立信会计师事务所（特殊普通合伙）, 北京市中伦律师事务所, 国众联资产评估土地房地产估价有限公司
深圳微众信用科技股份有限公司, 2, 2.5923, 中信证券股份有限公司, 毕马威华振会计师事务所（特殊普通合伙）, 北京国枫律师事务所, 深圳市鹏信资产评估土地房地产估价有限公司, 中联资产评估集团有限公司
上海睿昂基因科技股份有限公司, 3, 8.1667, 海通证券股份有限公司, 中汇会计师事务所（特殊普通合伙）, 上海市锦天城律师事务所, 天源资产评估有限公司
广州瑞松智能科技股份有限公司, 5, 3.7504, 广发证券股份有限公司, 立信会计师事务所（特殊普通合伙）, 北京市中伦律师事务所, 国众联资产评估土地房地产估价有限公司
北京映翰通网络技术股份有限公司, 5, 2.6259, 光大证券股份有限公司, 信永中和会计师事务所（特殊普通合伙）, 北京隆安律师事务所, 中资资产评估有限公司
福建赛特新材股份有限公司, 5, 4.0339, 兴业证券股份有限公司, 容诚会计师事务所（特殊普通合伙）, 北京市中瑞律师事务所, 福建联合中和资产评估土地房地产估价有限公司
张家港广大特材股份有限公司, 5, 6.9, 中信建投证券股份有限公司, 天健会计师事务所（特殊普通合伙）, 安徽天禾律师事务所, 坤元资产评估有限公司
深圳市有方科技股份有限公司, 5, 5.5649, 华创证券有限责任公司, 立信会计师事务所（特殊普通合伙）, 北京德恒律师事务所, 国众联资产评估土地房地产估价有限公司
苏州泽璟生物制药股份有限公司, 5, 23.8388, 中国国际金融股份有限公司, 信永中和会计师事务所（特殊普通合伙）, 北京市君合律师事务所, 中和资产评估有限公司
浙江东方基因生物制品股份有限公司, 5, 5.6164, 光大证券股份有限公司, 立信会计师事务所（特殊普通合伙）, 国浩律师（杭州）事务所, 天津中联资产评估有限责任公司
优刻得科技股份有限公司, 5, 47.4792, 中国国际金融股份有限公司, 立信会计师事务所（特殊普通合伙）, 北京市君合律师事务所, 上海申威资产评估有限公司
广州洁特生物过滤股份有限公司, 5, 3.1, 民生证券股份有限公司, 天健会计师事务所（特殊普通合伙）, 广东广信君达律师事务所, 广东中广信资产评估有限公司
威胜信息技术股份有限公司, 5, 6.0506, 中国国际金融股份有限公司, 天健会计师事务所（特殊普通合伙）, 北京市金杜律师事务所, 开元资产评估有限公司
厦门特宝生物工程股份有限公司, 5, 6.0766, 国金证券股份有限公司, 致同会计师事务所（特殊普通合伙）, 国浩律师（深圳）事务所
南京万德斯环保科技股份有限公司, 5, 5.3618, 广发证券股份有限公司, 中天运会计师事务所（特殊普通合伙）, 江苏世纪同仁律师事务所, 沃克森（北京）国际资产评估有限公司
绍兴兴欣新材料股份有限公司, 8, 5, 光大证券股份有限公司, 立信会计师事务所（特殊普通合伙）, 北京市炜衡律师事务所, 天津中联资产评估有限责任公司
北京八亿时空液晶科技股份有限公司, 5, 3.0975, 首创证券有限责任公司, 致同会计师事务所（特殊普通合伙）, 北京市君合律师事务所
武汉兴图新科电子股份有限公司首次公开发行股票并在科创板上市项目, 5, 4.0585, 中泰证券股份有限公司, 天健会计师事务所（特殊普通合伙）, 北京观韬中茂律师事务所, 湖北众联资产评估有限公司
上海拓璞数控科技股份有限公司, 8, 4.99, 招商证券股份有限公司, 立信会计师事务所（特殊普通合伙）, 北京市竞天公诚律师事务所, 北京中同华资产评估有限公司
北京龙软科技股份有限公司, 5, 2.5469, 中国民族证券有限责任公司, 瑞华会计师事务所（特殊普通合伙）, 北京德恒律师事务所, 北京中企华资产评估有限责任公司
广东华特气体股份有限公司, 5, 4.5, 中信建投证券股份有限公司, 立信会计师事务所（特殊普通合伙）, 广东信达律师事务所, 广东联信资产评估土地房地产估价有限公司
江苏浩欧博生物医药股份有限公司, 8, 6.1882, 华泰联合证券有限责任公司, 立信会计师事务所（特殊普通合伙）, 国浩律师（上海）事务所, 北京国融兴华资产评估有限责任公司
聚辰半导体股份有限公司, 5, 7.2749, 中国国际金融股份有限公司, 立信会计师事务所（特殊普通合伙）, 国浩律师（上海）事务所, 上海立信资产评估有限公司
嘉必优生物技术（武汉）股份有限公司首次公开发行股票并在科创板上市, 5, 5.4464, 国泰君安证券股份有限公司, 立信会计师事务所（特殊普通合伙）, 北京市中伦律师事务所
安翰科技科创板IPO项目, 8, 12, 招商证券股份有限公司, 安永华明会计师事务所（特殊普通合伙）, 北京市中伦律师事务所, 北京中天华资产评估有限责任公司
江西金达莱环保股份有限公司, 8, 10.0876, 招商证券股份有限公司, 中审众环会计师事务所（特殊普通合伙）, 北京国枫律师事务所, 中铭国际资产评估（北京）有限责任公司
杭州当虹科技股份有限公司, 5, 6.0027, 中信证券股份有限公司, 天健会计师事务所（特殊普通合伙）, 浙江天册律师事务所, 坤元资产评估有限公司
沈阳芯源微电子设备股份有限公司, 5, 3.7779, 国信证券股份有限公司, 容诚会计师事务所（特殊普通合伙）, 北京市中伦律师事务所, 同致信德（北京）资产评估有限公司
广州佛朗斯股份有限公司, 8, 6.5992, 广发证券股份有限公司, 天健会计师事务所（特殊普通合伙）, 北京市中伦律师事务所, 广东中广信资产评估有限公司, 中联国际评估咨询有限公司
博拉网络股份有限公司, 8, 5.0485, 申万宏源证券承销保荐有限责任公司, 立信会计师事务所（特殊普通合伙）, 北京德恒律师事务所
江苏卓易信息科技股份有限公司, 5, 3.5, 中信建投证券股份有限公司, 天衡会计师事务所（特殊普通合伙）, 北京国枫律师事务所, 北京天健兴业资产评估有限公司
先临三维科技股份有限公司, 8, 8.143, 中国国际金融股份有限公司, 天健会计师事务所（特殊普通合伙）, 浙江天册律师事务所, 坤元资产评估有限公司
上海赛伦生物技术股份有限公司, 8, 4, 海通证券股份有限公司, 大华会计师事务所（特殊普通合伙）, 上海市锦天城律师事务所, 上海众华资产评估有限公司
江苏北人机器人系统股份有限公司, 5, 3.6203, 东吴证券股份有限公司, 中汇会计师事务所（特殊普通合伙）, 国浩律师（上海）事务所, 天源资产评估有限公司
北京佰仁医疗科技股份有限公司, 5, 4.52, 国信证券股份有限公司, 致同会计师事务所（特殊普通合伙）, 北京海润天睿律师事务所, 中水致远资产评估有限公司
江苏硕世生物科技股份有限公司, 5, 4.0625, 招商证券股份有限公司, 立信会计师事务所（特殊普通合伙）, 上海市通力律师事务所
普元信息技术股份有限公司, 5, 3.3429, 民生证券股份有限公司, 众华会计师事务所（特殊普通合伙）, 北京市君合律师事务所, 上海申威资产评估有限公司
中联云港数据科技股份有限公司, 8, 7.7, 华泰联合证券有限责任公司, 信永中和会计师事务所（特殊普通合伙）, 国浩律师（北京）事务所, 北京国融兴华资产评估有限责任公司
洛阳建龙微纳新材料股份有限公司, 5, 3.6399, 中天国富证券有限公司, 瑞华会计师事务所（特殊普通合伙）, 北京市京都律师事务所, 北京中同华资产评估有限公司
迈得医疗工业设备股份有限公司, 5, 3.3914, 广发证券股份有限公司, 天健会计师事务所（特殊普通合伙）, 浙江天册律师事务所, 坤元资产评估有限公司
无锡祥生医疗科技股份有限公司, 5, 9.5344, 国金证券股份有限公司, 华普天健会计师事务所（特殊普通合伙）, 上海市通力律师事务所, 上海众华资产评估有限公司
深圳清溢光电股份有限公司, 5, 4.025, 广发证券股份有限公司, 天健会计师事务所（特殊普通合伙）, 上海市锦天城律师事务所, 中瑞世联资产评估（北京）有限公司
北京金山办公软件股份有限公司, 5, 20.5013, 中国国际金融股份有限公司, 大华会计师事务所（特殊普通合伙）, 北京市君合律师事务所, 中联资产评估集团有限公司
二十一世纪空间技术应用股份有限公司, 5, 8.076, 中信建投证券股份有限公司, 信永中和会计师事务所（特殊普通合伙）, 北京国枫律师事务所, 北京中天华资产评估有限责任公司
华夏天信智能物联股份有限公司, 8, 9.2803, 中泰证券股份有限公司, 致同会计师事务所（特殊普通合伙）, 北京德恒律师事务所, 开元资产评估有限公司
广东利元亨智能装备股份有限公司, 5, 7.4513, 民生证券股份有限公司, 广东正中珠江会计师事务所（特殊普通合伙）, 北京国枫律师事务所, 广东联信资产评估土地房地产估价有限公司
三达膜环境技术股份有限公司, 5, 14.1, 长江证券承销保荐有限公司, 致同会计师事务所（特殊普通合伙）, 上海市锦天城律师事务所
江苏联瑞新材料股份有限公司, 5, 2.8467, 东莞证券股份有限公司, 广东正中珠江会计师事务所（特殊普通合伙）, 北京市康达律师事务所, 江苏银信资产评估房地产估价有限公司
深圳普门科技股份有限公司, 5, 6.3205, 国信证券股份有限公司, 天健会计师事务所（特殊普通合伙）, 北京市中伦律师事务所, 中瑞世联资产评估（北京）有限公司, 上海众华资产评估有限公司
杭州鸿泉物联网技术股份有限公司, 5, 5.8208, 东方花旗证券有限公司, 天健会计师事务所（特殊普通合伙）, 北京德恒律师事务所, 坤元资产评估有限公司
杭州安恒信息技术股份有限公司, 5, 7.6013, 国泰君安证券股份有限公司, 立信会计师事务所（特殊普通合伙）, 国浩律师（杭州）事务所, 天津中联资产评估有限责任公司
龙岩卓越新能源股份有限公司, 5, 7.36, 英大证券有限责任公司, 致同会计师事务所（特殊普通合伙）, 北京德恒律师事务所
中国电器科学研究院股份有限公司, 5, 9.0888, 中信建投证券股份有限公司, 安永华明会计师事务所（特殊普通合伙）, 北京金诚同达律师事务所, 北京中天华资产评估有限责任公司, 中联资产评估集团有限公司
天津久日新材料股份有限公司, 5, 13.9542, 招商证券股份有限公司, 大华会计师事务所（特殊普通合伙）, 北京国枫律师事务所, 天津华夏金信资产评估有限公司
博瑞生物医药（苏州）股份有限公司, 5, 3.5955, 民生证券股份有限公司, 江苏公证天业会计师事务所（特殊普通合伙）, 北京市竞天公诚律师事务所, 江苏中天资产评估事务所有限公司
山东奥福环保科技股份有限公司, 5, 5.7691, 安信证券股份有限公司, 华普天健会计师事务所（特殊普通合伙）, 江苏世纪同仁律师事务所
宁波长阳科技股份有限公司, 5, 5.2937, 华安证券股份有限公司, 立信会计师事务所（特殊普通合伙）, 国浩律师（上海）事务所, 江苏金证通资产评估房地产估价有限公司
上海美迪西生物医药股份有限公司, 5, 3.4691, 广发证券股份有限公司, 立信会计师事务所（特殊普通合伙）, 北京金诚同达律师事务所, 上海申威资产评估有限公司
上海昊海生物科技股份有限公司, 5, 14.8413, 瑞银证券有限责任公司, 安永华明会计师事务所（特殊普通合伙）, 上海市锦天城律师事务所, 上海东洲资产评估有限公司
北京致远互联软件股份有限公司, 5, 3.4937, 中德证券有限责任公司, 立信会计师事务所（特殊普通合伙）, 北京市君合律师事务所
北京宝兰德软件股份有限公司, 5, 2.8428, 东兴证券股份有限公司, 天健会计师事务所（特殊普通合伙）, 国浩律师（北京）事务所
深圳市杰普特光电股份有限公司, 5, 9.7276, 中国国际金融股份有限公司, 瑞华会计师事务所（特殊普通合伙）, 北京金诚同达律师事务所, 北京中同华资产评估有限公司
华熙生物科技股份有限公司, 5, 31.5438, 华泰联合证券有限责任公司, 致同会计师事务所（特殊普通合伙）, 北京市通商律师事务所, 中联资产评估集团有限公司
赛诺医疗科学技术股份有限公司, 5, 2.67, 中信证券股份有限公司, 立信会计师事务所（特殊普通合伙）, 北京市中伦律师事务所, 开元资产评估有限公司
上海泰坦科技股份有限公司, 8, 4.15, 光大证券股份有限公司, 大信会计师事务所（特殊普通合伙）, 北京德恒律师事务所, 北京卓信大华资产评估有限公司
申联生物医药（上海）股份有限公司, 5, 4.5, 国信证券股份有限公司, 大华会计师事务所（特殊普通合伙）, 国浩律师（上海）事务所, 湖北众联资产评估有限公司
青岛海尔生物医疗股份有限公司, 5, 10, 国泰君安证券股份有限公司, 安永华明会计师事务所（特殊普通合伙）, 北京市金杜律师事务所, 青岛天和资产评估有限责任公司
光通天下网络科技股份有限公司, 8, 8.0018, 申万宏源证券承销保荐有限责任公司, 天健会计师事务所（特殊普通合伙）, 国浩律师（上海）事务所, 坤元资产评估有限公司
北京连山科技股份有限公司, 8, 4.6, 光大证券股份有限公司, 北京天圆全会计师事务所（特殊普通合伙）, 北京国枫律师事务所
上海晶丰明源半导体股份有限公司, 5, 7.102, 广发证券股份有限公司, 立信会计师事务所（特殊普通合伙）, 国浩律师（杭州）事务所, 上海申威资产评估有限公司
深圳传音控股股份有限公司, 5, 30.11, 中信证券股份有限公司, 天健会计师事务所（特殊普通合伙）, 上海市锦天城律师事务所
北京国科环宇科技股份有限公司, 8, 3.3213, 中泰证券股份有限公司, 瑞华会计师事务所（特殊普通合伙）, 北京市君合律师事务所, 北京中同华资产评估有限公司
北京热景生物技术股份有限公司, 5, 2.8782, 中德证券有限责任公司, 华普天健会计师事务所（特殊普通合伙）, 北京市康达律师事务所, 中水致远资产评估有限公司
山石网科通信技术股份有限公司, 5, 8.944, 中国国际金融股份有限公司, 致同会计师事务所（特殊普通合伙）, 北京市金杜律师事务所, 北京天健兴业资产评估有限公司
恒安嘉新（北京）科技股份公司, 5, 8, 中信建投证券股份有限公司, 大华会计师事务所（特殊普通合伙）, 北京市康达律师事务所, 北京北方亚事资产评估事务所（特殊普通合伙）
江苏天奈科技股份有限公司, 5, 8.7, 民生证券股份有限公司, 天健会计师事务所（特殊普通合伙）, 北京市中伦律师事务所, 坤元资产评估有限公司
视联动力信息技术股份有限公司, 8, 18.3015, 中信建投证券股份有限公司, 毕马威华振会计师事务所（特殊普通合伙）, 北京国枫律师事务所, 中联资产评估集团有限公司, 北京中企华资产评估有限责任公司
成都苑东生物制药股份有限公司, 8, 11.13, 中信证券股份有限公司, 中汇会计师事务所（特殊普通合伙）, 北京国枫律师事务所, 天源资产评估有限公司
上海新数网络科技股份有限公司, 8, 2.5088, 天风证券股份有限公司, 普华永道中天会计师事务所（特殊普通合伙）, 上海市通力律师事务所, 上海众华资产评估有限公司
北京安博通科技股份有限公司, 5, 2.9774, 天风证券股份有限公司, 大信会计师事务所（特殊普通合伙）, 国浩律师（北京）事务所, 中威正信（北京）资产评估有限公司
深圳市贝斯达医疗股份有限公司, 8, 3.38, 东兴证券股份有限公司, 天职国际会计师事务所（特殊普通合伙）, 北京观韬中茂律师事务所, 福建联合中和资产评估土地房地产估价有限公司
北京海天瑞声科技股份有限公司, 8, 7.2542, 华泰联合证券有限责任公司, 瑞华会计师事务所（特殊普通合伙）, 北京市天元律师事务所, 亚洲(北京)资产评估有限公司
北京诺康达医药科技股份有限公司, 8, 4.3739, 德邦证券股份有限公司, 华普天健会计师事务所（特殊普通合伙）, 北京国枫律师事务所, 中水致远资产评估有限公司
和舰芯片制造（苏州）股份有限公司, 8, 25, 长江证券承销保荐有限公司, 大华会计师事务所（特殊普通合伙）, 北京海润天睿律师事务所, 中和资产评估有限公司
深圳微芯生物科技股份有限公司, 5, 8.035, 安信证券股份有限公司, 毕马威华振会计师事务所（特殊普通合伙）, 上海市通力律师事务所, 北京天圆开资产评估有限公司
晶晨半导体（上海）股份有限公司, 5, 15.143, 国泰君安证券股份有限公司, 安永华明会计师事务所（特殊普通合伙）, 北京市君合律师事务所, 上海申威资产评估有限公司
上海柏楚电子科技股份有限公司, 5, 8.3537, 中信证券股份有限公司, 立信会计师事务所（特殊普通合伙）, 北京市天元律师事务所, 上海财瑞资产评估有限公司
北京木瓜移动科技股份有限公司, 8, 11.7586, 中天国富证券有限公司, 立信会计师事务所（特殊普通合伙）, 北京市康达律师事务所, 开元资产评估有限公司
交控科技股份有限公司, 5, 5.5, 中国国际金融股份有限公司, 立信会计师事务所（特殊普通合伙）, 北京市金杜律师事务所
北京航天宏图信息技术股份有限公司, 5, 5.667, 国信证券股份有限公司, 致同会计师事务所（特殊普通合伙）, 北京德恒律师事务所, 北京国融兴华资产评估有限责任公司
广东嘉元科技股份有限公司, 5, 9.6941, 东兴证券股份有限公司, 立信会计师事务所（特殊普通合伙）, 广东信达律师事务所, 中联国际评估咨询有限公司
北京沃尔德金刚石工具股份有限公司, 5, 4.0729, 中信建投证券股份有限公司, 天健会计师事务所（特殊普通合伙）, 北京市中伦律师事务所, 北京北方亚事资产评估事务所（特殊普通合伙）
广州方邦电子股份有限公司, 5, 10.5819, 华泰联合证券有限责任公司, 天健会计师事务所（特殊普通合伙）, 广东信达律师事务所, 广东中广信资产评估有限公司
北京天宜上佳高新材料股份有限公司, 5, 6.456, 中信建投证券股份有限公司, 中审众环会计师事务所（特殊普通合伙）, 北京市康达律师事务所, 北京国融兴华资产评估有限责任公司
苏州瀚川智能科技股份有限公司, 5, 4.6758, 安信证券股份有限公司, 致同会计师事务所（特殊普通合伙）, 国浩律师（南京）事务所
虹软科技股份有限公司, 5, 11.3153, 华泰联合证券有限责任公司, 中信建投证券股份有限公司, 立信会计师事务所（特殊普通合伙）, 上海市方达律师事务所, 上海立信资产评估有限公司
南京微创医学科技股份有限公司, 5, 8.9434, 南京证券股份有限公司, 中天运会计师事务所（特殊普通合伙）, 北京金诚同达律师事务所, 江苏银信资产评估房地产估价有限公司, 江苏中天资产评估事务所有限公司
上海微创心脉医疗科技股份有限公司, 5, 6.511, 华菁证券有限公司, 国泰君安证券股份有限公司, 毕马威华振会计师事务所（特殊普通合伙）, 北京德恒律师事务所
宁波容百新能源科技股份有限公司, 5, 16, 中信证券股份有限公司, 天健会计师事务所（特殊普通合伙）, 国浩律师（上海）事务所, 北京中天华资产评估有限责任公司
哈尔滨新光光电科技股份有限公司, 5, 8.7562, 中信建投证券股份有限公司, 信永中和会计师事务所（特殊普通合伙）, 北京市康达律师事务所, 北京中同华资产评估有限公司
西部超导材料科技股份有限公司, 5, 8, 中信建投证券股份有限公司, 中审众环会计师事务所（特殊普通合伙）, 国浩律师（上海）事务所, 湖北众联资产评估有限公司
福建福光股份有限公司首次公开发行股票并在科创板上市, 5, 6.5108, 兴业证券股份有限公司, 福建华兴会计师事务所（特殊普通合伙）, 上海市锦天城律师事务所
安集微电子科技（上海）股份有限公司, 5, 3.031, 申万宏源证券承销保荐有限责任公司, 毕马威华振会计师事务所（特殊普通合伙）, 上海市锦天城律师事务所, 北京中同华资产评估有限公司
中微半导体设备（上海）股份有限公司, 5, 10, 海通证券股份有限公司, 普华永道中天会计师事务所（特殊普通合伙）, 上海市方达律师事务所
西安铂力特增材技术股份有限公司, 5, 7, 中信建投证券股份有限公司, 信永中和会计师事务所（特殊普通合伙）, 北京国枫律师事务所, 正衡资产评估有限责任公司
乐鑫信息科技（上海）股份有限公司, 5, 10.1141, 招商证券股份有限公司, 天职国际会计师事务所（特殊普通合伙）, 上海市锦天城律师事务所, 沃克森（北京）国际资产评估有限公司
深圳光峰科技股份有限公司, 5, 10, 华泰联合证券有限责任公司, 天健会计师事务所（特殊普通合伙）, 北京市君合律师事务所, 广东中广信资产评估有限公司
中国铁路通信信号股份有限公司, 5, 105, 中国国际金融股份有限公司, 安永华明会计师事务所（特殊普通合伙）, 北京市中伦律师事务所, 中联资产评估集团有限公司
澜起科技股份有限公司, 5, 23.0019, 中信证券股份有限公司, 瑞华会计师事务所（特殊普通合伙）, 国浩律师（上海）事务所
浙江杭可科技股份有限公司, 5, 5.4686, 国信证券股份有限公司, 天健会计师事务所（特殊普通合伙）, 北京市金杜律师事务所, 坤元资产评估有限公司
苏州天准科技股份有限公司, 5, 10, 海通证券股份有限公司, 瑞华会计师事务所（特殊普通合伙）, 浙江六和律师事务所, 北京天健兴业资产评估有限公司
苏州华兴源创科技股份有限公司, 5, 10.0892, 华泰联合证券有限责任公司, 华普天健会计师事务所（特殊普通合伙）, 上海市通力律师事务所
烟台睿创微纳技术股份有限公司, 5, 4.5, 中信证券股份有限公司, 信永中和会计师事务所（特殊普通合伙）, 北京市中银律师事务所, 中水致远资产评估有限公司, 中联资产评估集团有限公司
深圳新益昌科技股份有限公司, 2, 5.5199, 中泰证券股份有限公司, 天健会计师事务所（特殊普通合伙）, 广东信达律师事务所, 中瑞世联资产评估（北京）有限公司, 上海众华资产评估有限公司
科德数控股份有限公司, 2, 9.7624, 中信证券股份有限公司, 立信会计师事务所（特殊普通合伙）, 北京观韬中茂律师事务所, 银信资产评估有限公司, 中联资产评估集团有限公司
新疆大全新能源股份有限公司, 2, 50, 中国国际金融股份有限公司, 德勤华永会计师事务所（特殊普通合伙）, 北京市君合律师事务所, 上海众华资产评估有限公司
影石创新科技股份有限公司, 2, 4.6378, 中信证券股份有限公司, 容诚会计师事务所（特殊普通合伙）, 北京德恒律师事务所, 北京华亚正信资产评估有限公司
成都智明达电子股份有限公司, 3, 4.3623, 中信建投证券股份有限公司, 信永中和会计师事务所（特殊普通合伙）, 国浩律师（上海）事务所
瑞能半导体科技股份有限公司, 2, 6.7265, 中信证券股份有限公司, 安永华明会计师事务所（特殊普通合伙）, 上海市锦天城律师事务所, 亚洲(北京)资产评估有限公司
优利德科技（中国）股份有限公司, 4, 4.2495, 长城证券股份有限公司, 容诚会计师事务所（特殊普通合伙）, 北京市金杜律师事务所, 北京华亚正信资产评估有限公司
杭州爱科科技股份有限公司, 4, 4.7, 海通证券股份有限公司, 立信会计师事务所（特殊普通合伙）, 上海市锦天城律师事务所, 银信资产评估有限公司
腾景科技股份有限公司, 4, 3.3965, 兴业证券股份有限公司, 致同会计师事务所（特殊普通合伙）, 福建至理律师事务所, 厦门市大学资产评估土地房地产估价有限责任公司
成都纵横自动化技术股份有限公司, 4, 4.5086, 国泰君安证券股份有限公司, 天健会计师事务所（特殊普通合伙）, 北京市金杜律师事务所, 开元资产评估有限公司
辽宁成大生物股份有限公司, 4, 20.4, 中信证券股份有限公司, 容诚会计师事务所（特殊普通合伙）, 辽宁恒信律师事务所, 北京天健兴业资产评估有限公司
杭州柯林电气股份有限公司, 3, 5.1278, 浙商证券股份有限公司, 天健会计师事务所（特殊普通合伙）, 北京市大成律师事务所, 坤元资产评估有限公司
中科微至智能制造科技江苏股份有限公司, 1, 13.3943, 中信证券股份有限公司, 毕马威华振会计师事务所（特殊普通合伙）, 北京国枫律师事务所, 北京中企华资产评估有限责任公司
深圳市鼎阳科技股份有限公司, 3, 3.3838, 国信证券股份有限公司, 致同会计师事务所（特殊普通合伙）, 上海市锦天城律师事务所, 中水致远资产评估有限公司
杭州宏华数码科技股份有限公司, 3, 9.167, 浙商证券股份有限公司, 天健会计师事务所（特殊普通合伙）, 国浩律师（杭州）事务所
包头天和磁材科技股份有限公司, 2, 6, 湘财证券股份有限公司, 信永中和会计师事务所（特殊普通合伙）, 上海市锦天城律师事务所, 开元资产评估有限公司
亚洲硅业（青海）股份有限公司, 1, 15, 平安证券股份有限公司, 天健会计师事务所（特殊普通合伙）, 上海市锦天城律师事务所, 坤元资产评估有限公司
浙江国祥股份有限公司, 1, 5.9888, 东方证券承销保荐有限公司, 天健会计师事务所（特殊普通合伙）, 浙江天册律师事务所, 坤元资产评估有限公司
安徽省通源环境节能股份有限公司, 5, 4.6493, 国元证券股份有限公司, 容诚会计师事务所（特殊普通合伙）, 安徽承义律师事务所, 中水致远资产评估有限公司
悦康药业集团股份有限公司, 5, 15.05, 中信证券股份有限公司, 容诚会计师事务所（特殊普通合伙）, 上海市瑛明律师事务所, 北京华亚正信资产评估有限公司
明冠新材料股份有限公司, 5, 4.1, 民生证券股份有限公司, 天健会计师事务所（特殊普通合伙）, 北京国枫律师事务所, 广东中广信资产评估有限公司
新风光电子科技股份有限公司首次公开发行股票并在科创板上市, 3, 5.902, 红塔证券股份有限公司, 中泰证券股份有限公司, 中兴华会计师事务所（特殊普通合伙）, 浙江天册律师事务所, 北京国友大正资产评估有限公司
上海和辉光电股份有限公司, 2, 100, 东方证券承销保荐有限公司, 立信会计师事务所（特殊普通合伙）, 北京市中伦律师事务所, 上海东洲资产评估有限公司
赛克赛斯生物科技股份有限公司, 2, 3.05, 海通证券股份有限公司, 信永中和会计师事务所（特殊普通合伙）, 上海澄明则正律师事务所, 山东正源和信资产评估有限公司
国泰新点软件股份有限公司, 2, 29, 国泰君安证券股份有限公司, 天职国际会计师事务所（特殊普通合伙）, 国浩律师（上海）事务所, 江苏华信资产评估有限公司
上海霍莱沃电子系统技术股份有限公司, 2, 3.6332, 海通证券股份有限公司, 中汇会计师事务所（特殊普通合伙）, 北京金杜（成都）律师事务所, 银信资产评估有限公司
山东科汇电力自动化股份有限公司, 2, 2.5, 国海证券股份有限公司, 立信会计师事务所（特殊普通合伙）, 北京海润天睿律师事务所, 中和资产评估有限公司, 银信资产评估有限公司
中钢集团马鞍山矿山研究总院股份有限公司, 1, 3.6089, 民生证券股份有限公司, 大华会计师事务所（特殊普通合伙）, 北京市君致律师事务所, 中联资产评估集团有限公司
浙江光华科技股份有限公司, 2, 5.8733, 国泰君安证券股份有限公司, 天健会计师事务所（特殊普通合伙）, 国浩律师（杭州）事务所, 坤元资产评估有限公司
龙迅半导体（合肥）股份有限公司, 2, 3.1535, 华安证券股份有限公司, 容诚会计师事务所（特殊普通合伙）, 安徽天禾律师事务所, 中水致远资产评估有限公司
威腾电气集团股份有限公司, 2, 4.0561, 中信证券股份有限公司, 江苏苏亚金诚会计师事务所（特殊普通合伙）, 上海市锦天城律师事务所, 江苏中企华中天资产评估有限公司
金冠电气股份有限公司, 3, 4.2563, 招商证券股份有限公司, 天健会计师事务所（特殊普通合伙）, 北京市中伦律师事务所, 北京亚太联华资产评估有限公司
广东富信科技股份有限公司, 3, 5.0291, 中泰证券股份有限公司, 中审众环会计师事务所（特殊普通合伙）, 北京德和衡律师事务所, 广东联信资产评估土地房地产估价有限公司
博创智能装备股份有限公司, 1, 6.4271, 国金证券股份有限公司, 大华会计师事务所（特殊普通合伙）, 北京市金杜律师事务所, 广东联信资产评估土地房地产估价有限公司
江苏金迪克生物技术股份有限公司, 2, 16, 中信证券股份有限公司, 大华会计师事务所（特殊普通合伙）, 上海市锦天城律师事务所, 国众联资产评估土地房地产估价有限公司
北京诺禾致源科技股份有限公司, 3, 5.0399, 中信证券股份有限公司, 立信会计师事务所（特殊普通合伙）, 北京市中伦律师事务所, 中和资产评估有限公司
气派科技股份有限公司, 3, 4.8593, 华创证券有限责任公司, 天职国际会计师事务所（特殊普通合伙）, 北京市天元律师事务所, 沃克森（北京）国际资产评估有限公司
武汉菱电汽车电控系统股份有限公司, 3, 5.4729, 长江证券承销保荐有限公司, 中汇会计师事务所（特殊普通合伙）, 北京国枫律师事务所, 银信资产评估有限公司
江苏诺泰澳赛诺生物制药股份有限公司, 3, 5.5, 南京证券股份有限公司, 中天运会计师事务所（特殊普通合伙）, 国浩律师（杭州）事务所, 江苏华信资产评估有限公司
深圳市紫光照明技术股份有限公司, 2, 4.5588, 华安证券股份有限公司, 天健会计师事务所（特殊普通合伙）, 北京市君合律师事务所, 福建联合中和资产评估土地房地产估价有限公司
丹娜（天津）生物科技股份有限公司, 1, 4.0815, 中信证券股份有限公司, 立信会计师事务所（特殊普通合伙）, 上海市锦天城律师事务所, 万隆（上海）资产评估有限公司
成都新朝阳作物科学股份有限公司, 2, 5.767, 华西证券股份有限公司, 四川华信（集团）会计师事务所（特殊普通合伙）, 北京国枫律师事务所, 中联资产评估集团有限公司
上海拓璞数控科技股份有限公司, 2, 5.0413, 招商证券股份有限公司, 立信会计师事务所（特殊普通合伙）, 北京市竞天公诚律师事务所, 北京中同华资产评估有限公司
无锡力芯微电子股份有限公司, 3, 6.133, 光大证券股份有限公司, 容诚会计师事务所（特殊普通合伙）, 国浩律师（南京）事务所, 中京民信(北京)资产评估有限公司
南京森根科技股份有限公司, 3, 5.821, 华泰联合证券有限责任公司, 立信会计师事务所（特殊普通合伙）, 北京德恒律师事务所, 江苏金证通资产评估房地产估价有限公司
昆腾微电子股份有限公司, 2, 3.3596, 平安证券股份有限公司, 大华会计师事务所（特殊普通合伙）, 北京市康达律师事务所, 中和资产评估有限公司
福建汇川物联网技术科技股份有限公司, 2, 8.78, 国泰君安证券股份有限公司, 容诚会计师事务所（特殊普通合伙）, 北京市金杜律师事务所, 北京国融兴华资产评估有限责任公司
山东英科环保再生资源股份有限公司, 2, 8.7681, 国金证券股份有限公司, 天健会计师事务所（特殊普通合伙）, 上海泽昌律师事务所, 坤元资产评估有限公司
嘉和美康（北京）科技股份有限公司, 2, 7.5, 华泰联合证券有限责任公司, 大华会计师事务所（特殊普通合伙）, 北京市中伦律师事务所, 中联资产评估集团有限公司
江苏金智教育信息股份有限公司, 2, 6.97, 东方证券承销保荐有限公司, 中天运会计师事务所（特殊普通合伙）, 江苏世纪同仁律师事务所, 江苏金证通资产评估房地产估价有限公司
北京阳光诺和药物研究股份有限公司, 2, 4.8416, 民生证券股份有限公司, 大华会计师事务所（特殊普通合伙）, 北京市天元律师事务所, 中铭国际资产评估（北京）有限责任公司
北京凯因科技股份有限公司, 4, 10.919, 海通证券股份有限公司, 中汇会计师事务所（特殊普通合伙）, 广东信达律师事务所
常州银河世纪微电子股份有限公司, 4, 3.2205, 中信建投证券股份有限公司, 立信会计师事务所（特殊普通合伙）, 国浩律师（杭州）事务所, 银信资产评估有限公司
无锡航亚科技股份有限公司, 5, 6.7201, 华泰联合证券有限责任公司, 光大证券股份有限公司, 江苏公证天业会计师事务所（特殊普通合伙）, 北京国枫律师事务所, 坤元资产评估有限公司
深圳市明微电子股份有限公司, 5, 4.6229, 中信建投证券股份有限公司, 容诚会计师事务所（特殊普通合伙）, 广东华商律师事务所, 银信资产评估有限公司
东莞市鼎通精密科技股份有限公司, 5, 4.45, 东莞证券股份有限公司, 立信会计师事务所（特殊普通合伙）, 北京国枫律师事务所, 中联国际评估咨询有限公司
上海翼捷工业安全设备股份有限公司, 3, 3.9449, 国金证券股份有限公司, 天职国际会计师事务所（特殊普通合伙）, 上海市锦天城律师事务所, 银信资产评估有限公司
湖南华纳大药厂股份有限公司, 2, 13.8213, 西部证券股份有限公司, 天健会计师事务所（特殊普通合伙）, 北京市康达律师事务所, 开元资产评估有限公司
安徽元琛环保科技股份有限公司, 3, 3.25, 国元证券股份有限公司, 容诚会计师事务所（特殊普通合伙）, 北京德恒律师事务所, 中水致远资产评估有限公司
杭州安杰思医学科技股份有限公司, 3, 3.8839, 中信证券股份有限公司, 天健会计师事务所（特殊普通合伙）, 北京德恒律师事务所, 坤元资产评估有限公司
成都欧林生物科技股份有限公司, 2, 7.6291, 英大证券有限责任公司, 中勤万信会计师事务所（特殊普通合伙）, 上海市瑛明律师事务所
广东百合医疗科技股份有限公司, 2, 8.4212, 兴业证券股份有限公司, 立信会计师事务所（特殊普通合伙）, 北京市天元律师事务所, 中联国际评估咨询有限公司
安徽森泰木塑集团股份有限公司, 2, 3.6459, 民生证券股份有限公司, 容诚会计师事务所（特殊普通合伙）, 北京德恒律师事务所, 中水致远资产评估有限公司
昆山东威科技股份有限公司, 3, 5.7044, 安信证券股份有限公司, 信永中和会计师事务所（特殊普通合伙）, 国浩律师（杭州）事务所, 坤元资产评估有限公司
安徽华恒生物科技股份有限公司科创板IPO, 3, 5.7052, 兴业证券股份有限公司, 容诚会计师事务所（特殊普通合伙）, 安徽天禾律师事务所, 中水致远资产评估有限公司
长春百克生物科技股份公司_IPO, 2, 16.8083, 中信证券股份有限公司, 大信会计师事务所（特殊普通合伙）, 北京国枫律师事务所, 中铭国际资产评估（北京）有限责任公司
朝阳微电子科技股份有限公司, 1, 4.6, 海通证券股份有限公司, 容诚会计师事务所（特殊普通合伙）, 北京金诚同达律师事务所, 北京天健兴业资产评估有限公司
上海冠龙阀门节能设备股份有限公司, 1, 11.8744, 长江证券承销保荐有限公司, 大华会计师事务所（特殊普通合伙）, 北京海润天睿律师事务所, 中和资产评估有限公司
广东纬德信息科技股份有限公司, 3, 4.2049, 中信证券股份有限公司, 天健会计师事务所（特殊普通合伙）, 广东信达律师事务所, 广东中广信资产评估有限公司
上海健耕医药科技股份有限公司, 2, 11.4348, 国金证券股份有限公司, 大华会计师事务所（特殊普通合伙）, 上海市通力律师事务所, 银信资产评估有限公司
格科微有限公司, 3, 69.6, 中国国际金融股份有限公司, 普华永道中天会计师事务所（特殊普通合伙）, 北京市中伦律师事务所
江苏灿勤科技股份有限公司, 2, 38.3633, 中信建投证券股份有限公司, 立信中联会计师事务所（特殊普通合伙）, 国浩律师（南京）事务所, 上海申威资产评估有限公司
深圳市倍轻松科技股份有限公司, 2, 4.9673, 安信证券股份有限公司, 天健会计师事务所（特殊普通合伙）, 广东信达律师事务所, 北京亚太联华资产评估有限公司
广东莱尔新材料科技股份有限公司, 3, 5.5366, 东方证券承销保荐有限公司, 中审众环会计师事务所（特殊普通合伙）, 广东信达律师事务所
爱威科技股份有限公司, 3, 3.8, 西部证券股份有限公司, 天健会计师事务所（特殊普通合伙）, 湖南启元律师事务所, 开元资产评估有限公司
合肥芯碁微电子装备股份有限公司, 3, 4.7341, 海通证券股份有限公司, 容诚会计师事务所（特殊普通合伙）, 北京德恒律师事务所, 中水致远资产评估有限公司
江苏康众数字医疗科技股份有限公司, 4, 4.4577, 中信证券股份有限公司, 立信会计师事务所（特殊普通合伙）, 北京市中伦律师事务所, 江苏中企华中天资产评估有限公司
成都极米科技股份有限公司, 4, 12.0006, 中国国际金融股份有限公司, 信永中和会计师事务所（特殊普通合伙）, 北京市大成律师事务所, 开元资产评估有限公司
安徽容知日新科技股份有限公司, 2, 5.325, 国元证券股份有限公司, 容诚会计师事务所（特殊普通合伙）, 北京市康达律师事务所, 中水致远资产评估有限公司
佛山市蓝箭电子股份有限公司, 2, 5.0009, 金元证券股份有限公司, 福建华兴会计师事务所（特殊普通合伙）, 北京市康达律师事务所, 亚洲(北京)资产评估有限公司
深圳汉弘数字印刷集团股份有限公司, 8, 6.8253, 民生证券股份有限公司, 中汇会计师事务所（特殊普通合伙）, 北京市中伦律师事务所, 国众联资产评估土地房地产估价有限公司
江苏富淼科技股份有限公司, 4, 6, 华泰联合证券有限责任公司, 中汇会计师事务所（特殊普通合伙）, 北京市中伦文德律师事务所, 北京北方亚事资产评估事务所（特殊普通合伙）
广东聚石化学股份有限公司, 4, 4.9046, 光大证券股份有限公司, 立信会计师事务所（特殊普通合伙）, 北京海润天睿律师事务所
广东九联科技股份有限公司, 3, 6.5321, 民生证券股份有限公司, 大华会计师事务所（特殊普通合伙）, 北京市金杜律师事务所, 北京国友大正资产评估有限公司
华海清科股份有限公司, 2, 10, 国泰君安证券股份有限公司, 立信会计师事务所（特殊普通合伙）, 北京海润天睿律师事务所, 北京国融兴华资产评估有限责任公司
株洲欧科亿数控精密刀具股份有限公司, 5, 6, 民生证券股份有限公司, 中天运会计师事务所（特殊普通合伙）, 广东竞德律师事务所, 同致信德（北京）资产评估有限公司
科兴生物制药股份有限公司, 5, 17.0511, 中信建投证券股份有限公司, 大华会计师事务所（特殊普通合伙）, 北京市嘉源律师事务所, 国众联资产评估土地房地产估价有限公司
恒玄科技（上海）股份有限公司, 5, 20, 中信建投证券股份有限公司, 立信会计师事务所（特殊普通合伙）, 上海市锦天城律师事务所, 中联资产评估集团有限公司
智洋创新科技股份有限公司首次公开发行股票并在科创板上市项目, 3, 3.4963, 民生证券股份有限公司, 立信会计师事务所（特殊普通合伙）, 北京德和衡律师事务所, 北京中科华资产评估有限公司
洛阳中超新材料股份有限公司首次公开发行并在科创板上市, 2, 9.1639, 海通证券股份有限公司, 立信会计师事务所（特殊普通合伙）, 国浩律师（上海）事务所, 天源资产评估有限公司
广东鸿铭智能股份有限公司, 2, 3.0153, 东莞证券股份有限公司, 致同会计师事务所（特殊普通合伙）, 北京国枫律师事务所, 国众联资产评估土地房地产估价有限公司
杭州安旭生物科技股份有限公司, 3, 4.5899, 民生证券股份有限公司, 信永中和会计师事务所（特殊普通合伙）, 上海市锦天城律师事务所, 万隆（上海）资产评估有限公司
广州三孚新材料科技股份有限公司, 2, 2.6, 民生证券股份有限公司, 华兴会计师事务所（特殊普通合伙）, 北京观韬中茂律师事务所, 广东联信资产评估土地房地产估价有限公司
广东芳源环保股份有限公司, 2, 10.5, 中国国际金融股份有限公司, 天健会计师事务所（特殊普通合伙）, 北京国枫律师事务所, 沃克森（北京）国际资产评估有限公司
厦门厦钨新能源材料股份有限公司, 2, 15, 兴业证券股份有限公司, 致同会计师事务所（特殊普通合伙）, 福建至理律师事务所, 福建联合中和资产评估土地房地产估价有限公司, 北京中企华资产评估有限责任公司
成都国光电气股份有限公司, 2, 9.0809, 中信证券股份有限公司, 中汇会计师事务所（特殊普通合伙）, 北京德恒律师事务所, 北京中天华资产评估有限责任公司
四川天微电子股份有限公司, 2, 5.2013, 国金证券股份有限公司, 四川华信（集团）会计师事务所（特殊普通合伙）, 北京市康达律师事务所, 国众联资产评估土地房地产估价有限公司
浙江开创环保科技股份有限公司, 1, 3.9647, 海通证券股份有限公司, 中汇会计师事务所（特殊普通合伙）, 浙江天册律师事务所, 坤元资产评估有限公司
苏州快可光伏电子股份有限公司, 1, 3.3139, 海通证券股份有限公司, 中审众环会计师事务所（特殊普通合伙）, 北京市康达律师事务所, 北京华亚正信资产评估有限公司
合肥工大高科信息科技股份有限公司, 2, 2.5813, 国元证券股份有限公司, 天健会计师事务所（特殊普通合伙）, 安徽承义律师事务所, 安徽中联国信资产评估有限责任公司
苏州艾隆科技股份有限公司, 3, 4.7699, 海通证券股份有限公司, 立信会计师事务所（特殊普通合伙）, 北京观韬中茂律师事务所, 北京天健兴业资产评估有限公司
呈和科技股份有限公司, 2, 4.5, 中信建投证券股份有限公司, 立信会计师事务所（特殊普通合伙）, 北京国枫律师事务所, 广东联信资产评估土地房地产估价有限公司
江苏柯菲平医药股份有限公司, 8, 15.8954, 国金证券股份有限公司, 天职国际会计师事务所（特殊普通合伙）, 江苏世纪同仁律师事务所, 上海立信资产评估有限公司
浙江海盐力源环保科技股份有限公司, 2, 3.5914, 中信证券股份有限公司, 中汇会计师事务所（特殊普通合伙）, 上海市锦天城律师事务所, 北京中天和资产评估有限公司
上海皓元医药股份有限公司, 3, 6.5, 民生证券股份有限公司, 容诚会计师事务所（特殊普通合伙）, 上海市广发律师事务所, 银信资产评估有限公司
有研粉末新材料股份有限公司, 3, 4.0461, 长江证券承销保荐有限公司, 天职国际会计师事务所（特殊普通合伙）, 北京市金杜律师事务所, 沃克森（北京）国际资产评估有限公司
广州禾信仪器股份有限公司, 2, 3.2628, 国信证券股份有限公司, 致同会计师事务所（特殊普通合伙）, 国信信扬律师事务所, 沃克森（北京）国际资产评估有限公司
北京同益中新材料科技股份有限公司, 2, 3.3164, 安信证券股份有限公司, 华泰联合证券有限责任公司, 天职国际会计师事务所（特殊普通合伙）, 北京观韬中茂律师事务所
杭州博拓生物科技股份有限公司, 2, 8.9145, 国泰君安证券股份有限公司, 中汇会计师事务所（特殊普通合伙）, 浙江天册律师事务所, 天源资产评估有限公司
博众精工科技股份有限公司, 2, 11.1, 华泰联合证券有限责任公司, 立信会计师事务所（特殊普通合伙）, 上海澄明则正律师事务所, 上海申威资产评估有限公司
上海赛伦生物技术股份有限公司, 1, 4, 方正证券承销保荐有限责任公司, 天职国际会计师事务所（特殊普通合伙）, 上海市锦天城律师事务所, 上海众华资产评估有限公司
宁波均普智能制造股份有限公司, 2, 7.5, 海通证券股份有限公司, 天健会计师事务所（特殊普通合伙）, 国浩律师（上海）事务所, 北京中企华资产评估有限责任公司
苏州昀冢电子科技股份有限公司, 3, 9.8528, 华泰联合证券有限责任公司, 天衡会计师事务所（特殊普通合伙）, 上海市锦天城律师事务所, 北京天健兴业资产评估有限公司
科美诊断技术股份有限公司, 3, 6.347, 中信证券股份有限公司, 信永中和会计师事务所（特殊普通合伙）, 北京市竞天公诚律师事务所, 上海众华资产评估有限公司
南通星球石墨股份有限公司, 3, 6.1109, 华泰联合证券有限责任公司, 致同会计师事务所（特殊普通合伙）, 北京市中伦律师事务所, 中水致远资产评估有限公司
浙江和达科技股份有限公司, 2, 5.3649, 东兴证券股份有限公司, 天健会计师事务所（特殊普通合伙）, 上海市广发律师事务所, 万隆（上海）资产评估有限公司
北京中科晶上科技股份有限公司, 2, 10, 中信建投证券股份有限公司, 天健会计师事务所（特殊普通合伙）, 北京市中伦律师事务所, 中京民信(北京)资产评估有限公司, 北京国融兴华资产评估有限责任公司
珠海冠宇电池股份有限公司, 1, 32.49, 招商证券股份有限公司, 致同会计师事务所（特殊普通合伙）, 上海市通力律师事务所, 厦门市大学资产评估土地房地产估价有限责任公司
奥精医疗科技股份有限公司, 2, 7.8883, 华泰联合证券有限责任公司, 立信会计师事务所（特殊普通合伙）, 北京观韬中茂律师事务所, 上海东洲资产评估有限公司
上海海优威新材料股份有限公司, 4, 6, 海通证券股份有限公司, 容诚会计师事务所（特殊普通合伙）, 北京国枫律师事务所, 北京北方亚事资产评估事务所（特殊普通合伙）
上海蓝科石化环保科技股份有限公司, 2, 3.42, 中信建投证券股份有限公司, 天健会计师事务所（特殊普通合伙）, 上海市锦天城律师事务所, 上海申威资产评估有限公司
浙江晨泰科技股份有限公司, 1, 2.8541, 海通证券股份有限公司, 立信会计师事务所（特殊普通合伙）, 上海市锦天城律师事务所
上海复旦微电子集团股份有限公司, 2, 6, 中信建投证券股份有限公司, 天健会计师事务所（特殊普通合伙）, 上海市锦天城律师事务所
苏州和林微纳科技股份有限公司, 3, 3.27, 华菁证券有限公司, 天衡会计师事务所（特殊普通合伙）, 江苏世纪同仁律师事务所, 北京天健兴业资产评估有限公司
广东博力威科技股份有限公司, 3, 4.3991, 东莞证券股份有限公司, 大信会计师事务所（特殊普通合伙）, 广东信达律师事务所, 中京民信(北京)资产评估有限公司
上海艾力斯医药科技股份有限公司, 5, 15.0268, 中信证券股份有限公司, 普华永道中天会计师事务所（特殊普通合伙）, 上海市通力律师事务所, 上海东洲资产评估有限公司
杭华油墨股份有限公司, 5, 3.8286, 浙商证券股份有限公司, 天健会计师事务所（特殊普通合伙）, 国浩律师（上海）事务所, 坤元资产评估有限公司
上海新致软件股份有限公司, 5, 5.2459, 长江证券承销保荐有限公司, 立信会计师事务所（特殊普通合伙）, 上海市锦天城律师事务所, 银信资产评估有限公司
浙江科惠医疗器械股份有限公司, 2, 5.88, 中信证券股份有限公司, 立信会计师事务所（特殊普通合伙）, 北京雍行律师事务所, 银信资产评估有限公司
赛赫智能设备（上海）股份有限公司, 2, 6, 国信证券股份有限公司, 容诚会计师事务所（特殊普通合伙）, 北京市君合律师事务所, 上海众华资产评估有限公司
广东芬尼科技股份有限公司, 2, 4.0491, 国元证券股份有限公司, 天健会计师事务所（特殊普通合伙）, 北京市君合律师事务所, 坤元资产评估有限公司
吉林省中研高分子材料股份有限公司, 2, 2.5343, 安信证券股份有限公司, 信永中和会计师事务所（特殊普通合伙）, 北京市天元律师事务所, 中铭国际资产评估（北京）有限责任公司
深圳市深科达智能装备股份有限公司, 3, 3.4932, 安信证券股份有限公司, 大华会计师事务所（特殊普通合伙）, 广东华商律师事务所
上海艾为电子技术股份有限公司, 2, 24.6814, 中信证券股份有限公司, 大信会计师事务所（特殊普通合伙）, 北京市竞天公诚律师事务所, 上海申威资产评估有限公司
广州市品高软件股份有限公司, 2, 5.6922, 民生证券股份有限公司, 天职国际会计师事务所（特殊普通合伙）, 北京市中伦律师事务所, 广东联信资产评估土地房地产估价有限公司
普冉半导体（上海）股份有限公司, 2, 3.4545, 中信证券股份有限公司, 立信会计师事务所（特殊普通合伙）, 国浩律师（上海）事务所, 天津中联资产评估有限责任公司
北京天广实生物技术股份有限公司, 2, 15.9, 中国国际金融股份有限公司, 信永中和会计师事务所（特殊普通合伙）, 北京市中伦律师事务所, 福建联合中和资产评估土地房地产估价有限公司
北京煜邦电力技术股份有限公司, 2, 3.9351, 兴业证券股份有限公司, 信永中和会计师事务所（特殊普通合伙）, 北京德恒律师事务所, 北京中同华资产评估有限公司
北京青云科技股份有限公司, 4, 11.8816, 中国国际金融股份有限公司, 容诚会计师事务所（特殊普通合伙）, 北京市汉坤律师事务所, 中水致远资产评估有限公司
佛山市联动科技股份有限公司, 2, 4.7512, 海通证券股份有限公司, 立信会计师事务所（特殊普通合伙）, 北京市君合律师事务所, 国众联资产评估土地房地产估价有限公司
